Indicator Name,Year,Age Group,Death rate per 100 000 population
Tuberculosis,2020,25-29,1.61661467
Tuberculosis,2020,35-39,2.3515821
Tuberculosis,2020,70-74,12.61628261
Tuberculosis,2020,80-84,21.34508911
STDs excluding HIV,2020,15-19,0.0374568
STDs excluding HIV,2020,25-29,0.03439606
STDs excluding HIV,2020,60-64,0.08171163
STDs excluding HIV,2020,70-74,0.30400681
HIV/AIDS,2020,10-14,0.04088262
HIV/AIDS,2020,20-24,0.20956621
HIV/AIDS,2020,55-59,0.47568502
HIV/AIDS,2020,65-69,0.21562226
Diarrhoeal diseases,2020,1-4,0.09513725
Diarrhoeal diseases,2020,10-14,0.08176525
Diarrhoeal diseases,2020,45-49,0.31665043
Diarrhoeal diseases,2020,55-59,1.22319005
Diarrhoeal diseases,2020,80-84,16.55333441
Intestinal nematode infections,2020,25-29,0.0
Intestinal nematode infections,2020,35-39,0.0
Intestinal nematode infections,2020,60-64,0.08171163
Intestinal nematode infections,2020,70-74,0.0
Tuberculosis,2020,1-4,0.0
Tuberculosis,2020,5-9,0.11961346
Tuberculosis,2020,10-14,0.24529574
Tuberculosis,2020,0,0.1876574
Tuberculosis,2020,30-34,1.50188794
Tuberculosis,2020,40-44,3.53104649
Tuberculosis,2020,65-69,7.76240151
Tuberculosis,2020,75-79,16.33533169
STDs excluding HIV,2020,20-24,0.0
STDs excluding HIV,2020,30-34,0.0
STDs excluding HIV,2020,55-59,0.0
STDs excluding HIV,2020,65-69,0.10781113
HIV/AIDS,2020,5-9,0.03987115
HIV/AIDS,2020,15-19,0.07491361
HIV/AIDS,2020,50-54,1.19440422
HIV/AIDS,2020,60-64,0.65369304
Diarrhoeal diseases,2020,0,0.56297219
Diarrhoeal diseases,2020,5-9,0.0797423
Diarrhoeal diseases,2020,15-19,0.0374568
Diarrhoeal diseases,2020,40-44,0.23858422
Diarrhoeal diseases,2020,50-54,0.65692232
Diarrhoeal diseases,2020,85+,18.20983331
Intestinal nematode infections,2020,0,0.0
Tuberculosis,2020,45-49,3.1665043
Tuberculosis,2020,50-54,4.77761687
Tuberculosis,2020,55-59,7.20323031
Tuberculosis,2020,60-64,7.43575832
STDs excluding HIV,2020,0,0.0
STDs excluding HIV,2020,1-4,0.0
STDs excluding HIV,2020,5-9,0.0
STDs excluding HIV,2020,10-14,0.0
STDs excluding HIV,2020,75-79,0.27225553
STDs excluding HIV,2020,80-84,0.0
STDs excluding HIV,2020,85+,0.0
HIV/AIDS,2020,0,0.0
HIV/AIDS,2020,1-4,0.04756862
HIV/AIDS,2020,70-74,0.45601021
Trachoma,2020,15-19,0.0
Trachoma,2020,25-29,0.0
Trachoma,2020,50-54,0.0
Trachoma,2020,60-64,0.0
Japanese encephalitis,2020,5-9,0.0
Japanese encephalitis,2020,15-19,0.0
Japanese encephalitis,2020,40-44,0.0
Japanese encephalitis,2020,50-54,0.0
Japanese encephalitis,2020,60-64,0.0
Japanese encephalitis,2020,85+,0.0
Dengue,2020,0,0.0
Dengue,2020,5-9,0.19935576
Dengue,2020,30-34,0.17066908
Dengue,2020,40-44,0.57260213
Dengue,2020,50-54,0.89580316
Dengue,2020,75-79,2.72255528
Dengue,2020,85+,2.80151282
Leprosy,2020,0,0.0
Leprosy,2020,20-24,0.0
Leprosy,2020,30-34,0.0
Leprosy,2020,40-44,0.0
Leprosy,2020,65-69,0.0
Leprosy,2020,75-79,0.0
Tropical-cluster diseases,2020,0,0.0
Tropical-cluster diseases,2020,5-9,0.0
Tropical-cluster diseases,2020,40-44,0.0
Tuberculosis,2020,15-19,0.37456803
Tuberculosis,2020,20-24,0.76840943
Tuberculosis,2020,85+,9.80529486
STDs excluding HIV,2020,35-39,0.0
STDs excluding HIV,2020,40-44,0.04771684
STDs excluding HIV,2020,45-49,0.26387536
STDs excluding HIV,2020,50-54,0.17916063
HIV/AIDS,2020,25-29,0.4815448
HIV/AIDS,2020,30-34,0.98988069
HIV/AIDS,2020,35-39,1.94740393
HIV/AIDS,2020,40-44,2.29040853
HIV/AIDS,2020,45-49,1.58325215
Diarrhoeal diseases,2020,60-64,2.53306053
Diarrhoeal diseases,2020,65-69,3.55776736
Diarrhoeal diseases,2020,70-74,6.384143
Diarrhoeal diseases,2020,75-79,7.35089926
Intestinal nematode infections,2020,40-44,0.0
Intestinal nematode infections,2020,45-49,0.0
Intestinal nematode infections,2020,50-54,0.0
Intestinal nematode infections,2020,55-59,0.0
Trachoma,2020,0,0.0
Trachoma,2020,1-4,0.0
Trachoma,2020,5-9,0.0
Trachoma,2020,70-74,0.0
Trachoma,2020,75-79,0.0
Intestinal nematode infections,2020,20-24,0.0
Intestinal nematode infections,2020,30-34,0.0
Intestinal nematode infections,2020,65-69,0.0
Intestinal nematode infections,2020,75-79,0.0
Trachoma,2020,10-14,0.0
Trachoma,2020,20-24,0.0
Trachoma,2020,55-59,0.0
Trachoma,2020,65-69,0.0
Japanese encephalitis,2020,1-4,0.0
Japanese encephalitis,2020,10-14,0.0
Japanese encephalitis,2020,45-49,0.0
Japanese encephalitis,2020,55-59,0.0
Dengue,2020,1-4,0.04756862
Dengue,2020,35-39,0.51440858
Dengue,2020,45-49,0.42220057
Dengue,2020,80-84,0.87122813
Leprosy,2020,25-29,0.03439606
Leprosy,2020,35-39,0.0
Leprosy,2020,70-74,0.0
Leprosy,2020,80-84,0.0
Tropical-cluster diseases,2020,1-4,0.0
Tropical-cluster diseases,2020,10-14,0.0
Tropical-cluster diseases,2020,45-49,0.0
Tropical-cluster diseases,2020,55-59,0.0
Tropical-cluster diseases,2020,80-84,0.0
HIV/AIDS,2020,75-79,0.0
HIV/AIDS,2020,80-84,0.43561406
HIV/AIDS,2020,85+,0.0
Diarrhoeal diseases,2020,20-24,0.0698554
Diarrhoeal diseases,2020,25-29,0.10318817
Diarrhoeal diseases,2020,30-34,0.17066908
Diarrhoeal diseases,2020,35-39,0.14697388
Intestinal nematode infections,2020,1-4,0.0
Intestinal nematode infections,2020,5-9,0.0
Intestinal nematode infections,2020,10-14,0.0
Intestinal nematode infections,2020,15-19,0.0
Intestinal nematode infections,2020,80-84,0.0
Intestinal nematode infections,2020,85+,0.0
Trachoma,2020,30-34,0.0
Trachoma,2020,35-39,0.0
Trachoma,2020,40-44,0.0
Trachoma,2020,45-49,0.0
Japanese encephalitis,2020,0,0.0
Japanese encephalitis,2020,65-69,0.0
Japanese encephalitis,2020,70-74,0.0
Japanese encephalitis,2020,75-79,0.0
Japanese encephalitis,2020,80-84,0.0
Dengue,2020,10-14,0.08176525
Dengue,2020,15-19,0.14982721
Dengue,2020,20-24,0.13971081
Tropical-cluster diseases,2020,50-54,0.0
Tropical-cluster diseases,2020,85+,0.0
Malaria,2020,0,0.0
Malaria,2020,5-9,0.0
Malaria,2020,30-34,0.0
Malaria,2020,40-44,0.0
Malaria,2020,75-79,0.0
Malaria,2020,85+,0.0
Hepatitis C,2020,0,0.0
Hepatitis C,2020,20-24,0.0
Hepatitis C,2020,30-34,0.0
Hepatitis C,2020,65-69,0.0
Hepatitis C,2020,75-79,0.0
Hepatitis B,2020,10-14,0.0
Hepatitis B,2020,20-24,0.0
Hepatitis B,2020,55-59,2.2425151
Hepatitis B,2020,65-69,4.42025642
Meningitis,2020,1-4,0.1902745
Meningitis,2020,10-14,0.08176525
Meningitis,2020,45-49,0.42220057
Meningitis,2020,55-59,0.47568502
Childhood-cluster diseases,2020,0,0.1876574
Childhood-cluster diseases,2020,30-34,0.0
Childhood-cluster diseases,2020,40-44,0.0
Childhood-cluster diseases,2020,65-69,0.0
Childhood-cluster diseases,2020,75-79,0.54451106
Malaria,2020,1-4,0.0
Malaria,2020,35-39,0.0
Malaria,2020,45-49,0.05277507
Malaria,2020,70-74,0.1520034
Malaria,2020,80-84,0.43561406
Hepatitis C,2020,25-29,0.0
Hepatitis C,2020,35-39,0.0
Hepatitis C,2020,60-64,0.0
Hepatitis C,2020,70-74,0.0
Hepatitis B,2020,15-19,0.0
Hepatitis B,2020,25-29,0.10318817
Hepatitis B,2020,50-54,2.03048717
Hepatitis B,2020,60-64,2.61477216
Meningitis,2020,5-9,0.11961346
Meningitis,2020,15-19,0.0374568
Meningitis,2020,40-44,0.38173476
Meningitis,2020,50-54,0.59720211
Meningitis,2020,85+,2.10113461
Childhood-cluster diseases,2020,1-4,0.0
Childhood-cluster diseases,2020,25-29,0.0
Childhood-cluster diseases,2020,35-39,0.0
Childhood-cluster diseases,2020,70-74,0.1520034
Childhood-cluster diseases,2020,80-84,0.0
Other infectious diseases,2020,0,10.88412906
Other infectious diseases,2020,5-9,0.7575519
Childhood-cluster diseases,2020,85+,0.0
Other infectious diseases,2020,1-4,1.09407837
Other infectious diseases,2020,35-39,6.83428548
Other infectious diseases,2020,45-49,16.51859741
Other infectious diseases,2020,70-74,103.6663221
Other infectious diseases,2020,80-84,192.9770301
Lower respiratory infections,2020,15-19,1.87284015
Lower respiratory infections,2020,25-29,4.64346767
Lower respiratory infections,2020,50-54,38.93757745
Lower respiratory infections,2020,60-64,104.8360211
Upper respiratory infections,2020,5-9,0.0
Upper respiratory infections,2020,15-19,0.0
Upper respiratory infections,2020,40-44,0.0
Upper respiratory infections,2020,50-54,0.05972021
Upper respiratory infections,2020,85+,1.40075641
Otitis media,2020,0,0.0
Otitis media,2020,5-9,0.0
Otitis media,2020,30-34,0.0
Otitis media,2020,40-44,0.0
Otitis media,2020,50-54,0.0
Otitis media,2020,75-79,0.27225553
Otitis media,2020,85+,0.7003782
Maternal haemorrhage,2020,10-14,0.0
Maternal haemorrhage,2020,20-24,0.0698554
Trachoma,2020,80-84,0.0
Trachoma,2020,85+,0.0
Japanese encephalitis,2020,20-24,0.0
Japanese encephalitis,2020,25-29,0.0
Japanese encephalitis,2020,30-34,0.0
Japanese encephalitis,2020,35-39,0.0
Dengue,2020,55-59,0.81546004
Dengue,2020,60-64,0.98053956
Dengue,2020,65-69,1.29373359
Dengue,2020,70-74,1.67203745
Leprosy,2020,1-4,0.0
Leprosy,2020,5-9,0.0
Leprosy,2020,10-14,0.0
Leprosy,2020,15-19,0.0
Leprosy,2020,85+,0.0
Tropical-cluster diseases,2020,60-64,0.0
Tropical-cluster diseases,2020,65-69,0.0
Tropical-cluster diseases,2020,70-74,0.0
Tropical-cluster diseases,2020,75-79,0.0
Malaria,2020,10-14,0.0
Malaria,2020,15-19,0.0
Malaria,2020,20-24,0.0
Malaria,2020,25-29,0.03439606
Hepatitis C,2020,40-44,0.0
Hepatitis C,2020,45-49,0.0
Hepatitis C,2020,50-54,0.0
Dengue,2020,25-29,0.51594085
Leprosy,2020,45-49,0.0
Leprosy,2020,50-54,0.0
Leprosy,2020,55-59,0.0
Leprosy,2020,60-64,0.0
Tropical-cluster diseases,2020,15-19,0.0
Tropical-cluster diseases,2020,20-24,0.0
Tropical-cluster diseases,2020,25-29,0.0
Tropical-cluster diseases,2020,30-34,0.0
Tropical-cluster diseases,2020,35-39,0.0
Malaria,2020,50-54,0.17916063
Malaria,2020,55-59,0.0
Malaria,2020,60-64,0.0
Malaria,2020,65-69,0.0
Hepatitis C,2020,1-4,0.0
Hepatitis C,2020,5-9,0.0
Hepatitis C,2020,10-14,0.0
Hepatitis C,2020,15-19,0.0
Hepatitis C,2020,80-84,0.0
Hepatitis C,2020,85+,0.0
Hepatitis B,2020,30-34,0.10240145
Hepatitis B,2020,35-39,0.33069123
Hepatitis B,2020,40-44,0.62031898
Hepatitis B,2020,45-49,0.94995129
Meningitis,2020,0,1.31360178
Meningitis,2020,60-64,0.57198141
Maternal haemorrhage,2020,30-34,0.17066908
Maternal haemorrhage,2020,55-59,0.0
Maternal haemorrhage,2020,65-69,0.0
Maternal sepsis,2020,10-14,0.0
Maternal sepsis,2020,20-24,0.0698554
Maternal sepsis,2020,45-49,0.0
Maternal sepsis,2020,55-59,0.0
Hypertensive disorders,2020,1-4,0.0
Hypertensive disorders,2020,10-14,0.0
Hypertensive disorders,2020,35-39,0.11023041
Hypertensive disorders,2020,45-49,0.0
Hypertensive disorders,2020,80-84,0.0
Obstructed labour,2020,1-4,0.0
Obstructed labour,2020,25-29,0.0
Obstructed labour,2020,35-39,0.0
Obstructed labour,2020,70-74,0.0
Obstructed labour,2020,80-84,0.0
Pregnancy with abortive outcome,2020,15-19,0.0374568
Pregnancy with abortive outcome,2020,25-29,0.06879211
Pregnancy with abortive outcome,2020,60-64,0.0
Pregnancy with abortive outcome,2020,70-74,0.0
Other maternal conditions,2020,5-9,0.0
Other maternal conditions,2020,15-19,0.0
Other maternal conditions,2020,50-54,0.0
Other infectious diseases,2020,30-34,5.6662136
Other infectious diseases,2020,40-44,12.07236164
Other infectious diseases,2020,75-79,157.0914397
Other infectious diseases,2020,85+,298.361115
Lower respiratory infections,2020,10-14,0.61323935
Lower respiratory infections,2020,20-24,2.5846499
Lower respiratory infections,2020,55-59,61.29541263
Lower respiratory infections,2020,65-69,171.311889
Upper respiratory infections,2020,1-4,0.0
Upper respiratory infections,2020,10-14,0.0
Upper respiratory infections,2020,45-49,0.0
Upper respiratory infections,2020,55-59,0.067955
Otitis media,2020,1-4,0.0
Otitis media,2020,35-39,0.0
Otitis media,2020,45-49,0.05277507
Otitis media,2020,80-84,0.0
Maternal haemorrhage,2020,15-19,0.0
Maternal haemorrhage,2020,25-29,0.27516845
Maternal haemorrhage,2020,60-64,0.0
Maternal haemorrhage,2020,70-74,0.0
Maternal sepsis,2020,5-9,0.0
Maternal sepsis,2020,15-19,0.0
Maternal sepsis,2020,50-54,0.0
Maternal sepsis,2020,60-64,0.0
Hepatitis C,2020,55-59,0.0
Hepatitis B,2020,0,0.0
Hepatitis B,2020,1-4,0.0
Hepatitis B,2020,5-9,0.0
Hepatitis B,2020,70-74,1.82404086
Hepatitis B,2020,75-79,4.08383292
Hepatitis B,2020,80-84,2.17807032
Hepatitis B,2020,85+,2.80151282
Meningitis,2020,20-24,0.0349277
Meningitis,2020,25-29,0.20637634
Meningitis,2020,30-34,0.37547199
Meningitis,2020,35-39,0.18371735
Childhood-cluster diseases,2020,45-49,0.0
Childhood-cluster diseases,2020,50-54,0.0
Childhood-cluster diseases,2020,55-59,0.0
Childhood-cluster diseases,2020,60-64,0.0
Other infectious diseases,2020,10-14,0.89941771
Other infectious diseases,2020,15-19,1.49827212
Other infectious diseases,2020,20-24,2.20044519
Other infectious diseases,2020,25-29,3.30202146
Lower respiratory infections,2020,0,16.1385362
Lower respiratory infections,2020,1-4,1.3319215
Lower respiratory infections,2020,5-9,0.31896922
Lower respiratory infections,2020,70-74,257.0377577
Lower respiratory infections,2020,75-79,432.8862898
Maternal sepsis,2020,85+,0.0
Hypertensive disorders,2020,0,0.0
Hypertensive disorders,2020,5-9,0.0
Hypertensive disorders,2020,40-44,0.09543369
Hypertensive disorders,2020,50-54,0.0
Hypertensive disorders,2020,75-79,0.0
Hypertensive disorders,2020,85+,0.0
Obstructed labour,2020,0,0.0
Obstructed labour,2020,30-34,0.0
Obstructed labour,2020,40-44,0.0
Obstructed labour,2020,65-69,0.0
Obstructed labour,2020,75-79,0.0
Obstructed labour,2020,85+,0.0
Pregnancy with abortive outcome,2020,20-24,0.0698554
Pregnancy with abortive outcome,2020,30-34,0.03413382
Pregnancy with abortive outcome,2020,55-59,0.0
Pregnancy with abortive outcome,2020,65-69,0.0
Pregnancy with abortive outcome,2020,75-79,0.0
Other maternal conditions,2020,10-14,0.0
Other maternal conditions,2020,20-24,0.1047831
Other maternal conditions,2020,55-59,0.0
Other maternal conditions,2020,65-69,0.0
Low birth weight,2020,1-4,0.0
Low birth weight,2020,35-39,0.0
Other maternal conditions,2020,60-64,0.0
Low birth weight,2020,0,60.61333944
Low birth weight,2020,30-34,0.0
Low birth weight,2020,40-44,0.0
Low birth weight,2020,75-79,0.0
Low birth weight,2020,85+,0.0
Birth asphyxia and birth trauma,2020,0,41.28462748
Birth asphyxia and birth trauma,2020,20-24,0.0
Birth asphyxia and birth trauma,2020,30-34,0.0
Birth asphyxia and birth trauma,2020,65-69,0.0
Birth asphyxia and birth trauma,2020,75-79,0.0
Other perinatal conditions,2020,10-14,0.0
Other perinatal conditions,2020,20-24,0.0
Other perinatal conditions,2020,55-59,0.0
Other perinatal conditions,2020,65-69,0.0
Protein-energy malnutrition,2020,1-4,0.0
Protein-energy malnutrition,2020,35-39,0.0
Protein-energy malnutrition,2020,45-49,0.05277507
Protein-energy malnutrition,2020,80-84,1.30684219
Iodine deficiency,2020,25-29,0.0
Iodine deficiency,2020,35-39,0.0
Iodine deficiency,2020,70-74,0.0
Iodine deficiency,2020,80-84,0.0
Vitamin A deficiency,2020,15-19,0.0
Lower respiratory infections,2020,80-84,717.8919764
Lower respiratory infections,2020,85+,1134.612691
Upper respiratory infections,2020,20-24,0.0
Upper respiratory infections,2020,25-29,0.0
Upper respiratory infections,2020,30-34,0.0
Upper respiratory infections,2020,35-39,0.03674347
Otitis media,2020,55-59,0.0
Otitis media,2020,60-64,0.0
Otitis media,2020,65-69,0.0
Otitis media,2020,70-74,0.1520034
Maternal haemorrhage,2020,35-39,0.18371735
Maternal haemorrhage,2020,40-44,0.14315053
Maternal haemorrhage,2020,45-49,0.05277507
Maternal haemorrhage,2020,50-54,0.0
Maternal sepsis,2020,0,0.0
Maternal sepsis,2020,1-4,0.0
Maternal sepsis,2020,65-69,0.0
Maternal sepsis,2020,70-74,0.0
Maternal sepsis,2020,75-79,0.0
Maternal sepsis,2020,80-84,0.0
Hypertensive disorders,2020,15-19,0.0
Hypertensive disorders,2020,20-24,0.0349277
Hypertensive disorders,2020,25-29,0.10318817
Hypertensive disorders,2020,30-34,0.23893672
Meningitis,2020,65-69,1.83278925
Meningitis,2020,70-74,1.52003405
Meningitis,2020,75-79,2.17804423
Meningitis,2020,80-84,2.61368438
Childhood-cluster diseases,2020,5-9,0.0
Childhood-cluster diseases,2020,10-14,0.0
Childhood-cluster diseases,2020,15-19,0.0
Childhood-cluster diseases,2020,20-24,0.0
Other infectious diseases,2020,50-54,25.61997044
Other infectious diseases,2020,55-59,39.6177667
Other infectious diseases,2020,60-64,58.50552698
Other infectious diseases,2020,65-69,81.39740477
Lower respiratory infections,2020,30-34,5.6662136
Lower respiratory infections,2020,35-39,8.78168941
Lower respiratory infections,2020,40-44,16.22372711
Lower respiratory infections,2020,45-49,24.27653293
Upper respiratory infections,2020,0,0.0
Upper respiratory infections,2020,60-64,0.0
Upper respiratory infections,2020,65-69,0.10781113
Upper respiratory infections,2020,70-74,0.30400681
Upper respiratory infections,2020,75-79,0.27225553
Upper respiratory infections,2020,80-84,0.87122813
Otitis media,2020,10-14,0.0
Otitis media,2020,15-19,0.0
Low birth weight,2020,45-49,0.0
Low birth weight,2020,70-74,0.0
Low birth weight,2020,80-84,0.0
Birth asphyxia and birth trauma,2020,25-29,0.0
Birth asphyxia and birth trauma,2020,35-39,0.0
Birth asphyxia and birth trauma,2020,60-64,0.0
Birth asphyxia and birth trauma,2020,70-74,0.0
Other perinatal conditions,2020,15-19,0.0
Other perinatal conditions,2020,25-29,0.0
Other perinatal conditions,2020,50-54,0.0
Other perinatal conditions,2020,60-64,0.0
Protein-energy malnutrition,2020,0,0.3753148
Protein-energy malnutrition,2020,5-9,0.0
Protein-energy malnutrition,2020,30-34,0.0
Protein-energy malnutrition,2020,40-44,0.04771684
Protein-energy malnutrition,2020,75-79,1.36127764
Protein-energy malnutrition,2020,85+,7.00378204
Iodine deficiency,2020,0,0.0
Iodine deficiency,2020,20-24,0.0
Iodine deficiency,2020,30-34,0.0
Iodine deficiency,2020,40-44,0.0
Iodine deficiency,2020,65-69,0.0
Iodine deficiency,2020,75-79,0.0
Vitamin A deficiency,2020,10-14,0.0
Obstructed labour,2020,45-49,0.0
Obstructed labour,2020,50-54,0.0
Obstructed labour,2020,55-59,0.0
Obstructed labour,2020,60-64,0.0
Pregnancy with abortive outcome,2020,0,0.0
Pregnancy with abortive outcome,2020,1-4,0.0
Pregnancy with abortive outcome,2020,5-9,0.0
Pregnancy with abortive outcome,2020,10-14,0.0
Pregnancy with abortive outcome,2020,80-84,0.0
Pregnancy with abortive outcome,2020,85+,0.0
Other maternal conditions,2020,25-29,0.58473297
Other maternal conditions,2020,30-34,0.64854252
Other maternal conditions,2020,35-39,0.73486941
Other maternal conditions,2020,40-44,0.14315053
Other maternal conditions,2020,45-49,0.05277507
Low birth weight,2020,5-9,0.0
Low birth weight,2020,10-14,0.0
Low birth weight,2020,15-19,0.0
Low birth weight,2020,20-24,0.0
Low birth weight,2020,25-29,0.0
Birth asphyxia and birth trauma,2020,40-44,0.0
Birth asphyxia and birth trauma,2020,45-49,0.0
Birth asphyxia and birth trauma,2020,50-54,0.0
Birth asphyxia and birth trauma,2020,55-59,0.0
Otitis media,2020,20-24,0.0
Otitis media,2020,25-29,0.0
Maternal haemorrhage,2020,0,0.0
Maternal haemorrhage,2020,1-4,0.0
Maternal haemorrhage,2020,5-9,0.0
Maternal haemorrhage,2020,75-79,0.0
Maternal haemorrhage,2020,80-84,0.0
Maternal haemorrhage,2020,85+,0.0
Maternal sepsis,2020,25-29,0.0
Maternal sepsis,2020,30-34,0.03413382
Maternal sepsis,2020,35-39,0.07348694
Maternal sepsis,2020,40-44,0.0
Hypertensive disorders,2020,55-59,0.0
Hypertensive disorders,2020,60-64,0.0
Hypertensive disorders,2020,65-69,0.0
Hypertensive disorders,2020,70-74,0.0
Obstructed labour,2020,5-9,0.0
Obstructed labour,2020,10-14,0.0
Obstructed labour,2020,15-19,0.0
Obstructed labour,2020,20-24,0.0
Pregnancy with abortive outcome,2020,35-39,0.07348694
Pregnancy with abortive outcome,2020,40-44,0.04771684
Pregnancy with abortive outcome,2020,45-49,0.0
Pregnancy with abortive outcome,2020,50-54,0.0
Other perinatal conditions,2020,0,86.69771771
Other perinatal conditions,2020,1-4,0.0
Other perinatal conditions,2020,5-9,0.0
Other perinatal conditions,2020,70-74,0.0
Other perinatal conditions,2020,75-79,0.0
Other perinatal conditions,2020,80-84,0.0
Other perinatal conditions,2020,85+,0.0
Protein-energy malnutrition,2020,50-54,0.0
Protein-energy malnutrition,2020,55-59,0.0
Protein-energy malnutrition,2020,60-64,0.16342326
Protein-energy malnutrition,2020,65-69,0.10781113
Protein-energy malnutrition,2020,70-74,0.1520034
Iodine deficiency,2020,1-4,0.0
Iodine deficiency,2020,5-9,0.0
Iodine deficiency,2020,10-14,0.0
Iodine deficiency,2020,15-19,0.0
Iodine deficiency,2020,85+,0.0
Vitamin A deficiency,2020,35-39,0.0
Vitamin A deficiency,2020,40-44,0.0
Vitamin A deficiency,2020,45-49,0.0
Vitamin A deficiency,2020,50-54,0.0
Mouth and oropharynx cancers,2020,45-49,4.06368051
Mouth and oropharynx cancers,2020,50-54,5.97202108
Mouth and oropharynx cancers,2020,55-59,7.27118531
Vitamin A deficiency,2020,20-24,0.0
Vitamin A deficiency,2020,30-34,0.0
Vitamin A deficiency,2020,55-59,0.0
Vitamin A deficiency,2020,65-69,0.0
Mouth and oropharynx cancers,2020,1-4,0.0
Mouth and oropharynx cancers,2020,25-29,0.17198028
Mouth and oropharynx cancers,2020,35-39,1.06556064
Mouth and oropharynx cancers,2020,70-74,9.12020429
Mouth and oropharynx cancers,2020,80-84,7.40543908
Oesophagus cancer,2020,0,0.0
Oesophagus cancer,2020,30-34,0.03413382
Oesophagus cancer,2020,40-44,0.52488529
Oesophagus cancer,2020,75-79,4.62834398
Oesophagus cancer,2020,85+,7.70416025
Stomach cancer,2020,0,0.0
Stomach cancer,2020,20-24,0.0698554
Stomach cancer,2020,30-34,0.27307053
Stomach cancer,2020,65-69,6.79210133
Stomach cancer,2020,75-79,14.97405405
Colon and rectum cancers,2020,10-14,0.0
Colon and rectum cancers,2020,20-24,0.27942161
Colon and rectum cancers,2020,55-59,15.76556068
Colon and rectum cancers,2020,65-69,36.44016267
Liver cancer,2020,1-4,0.0
Other maternal conditions,2020,0,0.0
Other maternal conditions,2020,1-4,0.0
Other maternal conditions,2020,70-74,0.0
Other maternal conditions,2020,75-79,0.0
Other maternal conditions,2020,80-84,0.0
Other maternal conditions,2020,85+,0.0
Low birth weight,2020,50-54,0.0
Low birth weight,2020,55-59,0.0
Low birth weight,2020,60-64,0.0
Low birth weight,2020,65-69,0.0
Birth asphyxia and birth trauma,2020,1-4,0.0
Birth asphyxia and birth trauma,2020,5-9,0.0
Birth asphyxia and birth trauma,2020,10-14,0.0
Birth asphyxia and birth trauma,2020,15-19,0.0
Birth asphyxia and birth trauma,2020,80-84,0.0
Birth asphyxia and birth trauma,2020,85+,0.0
Other perinatal conditions,2020,30-34,0.0
Other perinatal conditions,2020,35-39,0.0
Other perinatal conditions,2020,40-44,0.0
Other perinatal conditions,2020,45-49,0.0
Protein-energy malnutrition,2020,10-14,0.0
Protein-energy malnutrition,2020,15-19,0.0
Protein-energy malnutrition,2020,20-24,0.0
Mouth and oropharynx cancers,2020,60-64,6.94548854
Oesophagus cancer,2020,5-9,0.0
Oesophagus cancer,2020,10-14,0.0
Oesophagus cancer,2020,15-19,0.0
Oesophagus cancer,2020,20-24,0.0349277
Oesophagus cancer,2020,25-29,0.0
Stomach cancer,2020,40-44,1.04977058
Stomach cancer,2020,45-49,1.37215186
Stomach cancer,2020,50-54,2.26936801
Stomach cancer,2020,55-59,3.19388514
Colon and rectum cancers,2020,0,0.0
Colon and rectum cancers,2020,1-4,0.0
Colon and rectum cancers,2020,5-9,0.0
Colon and rectum cancers,2020,70-74,50.31312701
Colon and rectum cancers,2020,75-79,60.98523831
Colon and rectum cancers,2020,80-84,74.05439077
Colon and rectum cancers,2020,85+,93.15030116
Liver cancer,2020,20-24,0.0
Liver cancer,2020,25-29,0.13758423
Liver cancer,2020,30-34,0.10240145
Liver cancer,2020,35-39,0.88184329
Pancreas cancer,2020,50-54,3.16517117
Pancreas cancer,2020,55-59,6.11595026
Pancreas cancer,2020,60-64,6.04666061
Pancreas cancer,2020,65-69,12.82952473
Liver cancer,2020,10-14,0.0
Liver cancer,2020,45-49,3.58870487
Liver cancer,2020,55-59,16.44511071
Pancreas cancer,2020,1-4,0.0
Pancreas cancer,2020,35-39,0.29394776
Pancreas cancer,2020,45-49,1.00272636
Pancreas cancer,2020,80-84,20.90947504
"Trachea, bronchus, lung cancers",2020,25-29,0.20637634
"Trachea, bronchus, lung cancers",2020,35-39,1.65345616
"Trachea, bronchus, lung cancers",2020,70-74,67.03350155
"Trachea, bronchus, lung cancers",2020,80-84,81.89544391
Melanoma and other skin cancers,2020,15-19,0.0
Melanoma and other skin cancers,2020,25-29,0.03439606
Melanoma and other skin cancers,2020,60-64,1.22567445
Melanoma and other skin cancers,2020,70-74,2.43205448
Breast cancer,2020,0,0.0
Breast cancer,2020,30-34,1.67255703
Breast cancer,2020,40-44,8.01642986
Breast cancer,2020,65-69,23.93407134
Breast cancer,2020,75-79,20.14690908
Cervix uteri cancer,2020,20-24,0.0349277
Cervix uteri cancer,2020,30-34,0.44373962
Cervix uteri cancer,2020,55-59,4.14525518
Cervix uteri cancer,2020,65-69,4.74368981
Protein-energy malnutrition,2020,25-29,0.0
Iodine deficiency,2020,45-49,0.0
Iodine deficiency,2020,50-54,0.0
Iodine deficiency,2020,55-59,0.0
Iodine deficiency,2020,60-64,0.0
Vitamin A deficiency,2020,0,0.0
Vitamin A deficiency,2020,1-4,0.0
Vitamin A deficiency,2020,5-9,0.0
Vitamin A deficiency,2020,75-79,0.0
Vitamin A deficiency,2020,80-84,0.0
Vitamin A deficiency,2020,85+,0.0
Mouth and oropharynx cancers,2020,5-9,0.0
Mouth and oropharynx cancers,2020,10-14,0.04088262
Mouth and oropharynx cancers,2020,15-19,0.22474082
Mouth and oropharynx cancers,2020,20-24,0.20956621
Oesophagus cancer,2020,50-54,0.71664253
Oesophagus cancer,2020,55-59,1.29114506
Oesophagus cancer,2020,60-64,1.87936749
Oesophagus cancer,2020,65-69,3.66557849
Stomach cancer,2020,1-4,0.0
Stomach cancer,2020,5-9,0.0
Stomach cancer,2020,10-14,0.0
Stomach cancer,2020,15-19,0.0374568
Stomach cancer,2020,80-84,12.19719377
Pancreas cancer,2020,70-74,15.20034049
"Trachea, bronchus, lung cancers",2020,1-4,0.09513725
"Trachea, bronchus, lung cancers",2020,5-9,0.0
"Trachea, bronchus, lung cancers",2020,10-14,0.0
"Trachea, bronchus, lung cancers",2020,15-19,0.07491361
"Trachea, bronchus, lung cancers",2020,85+,70.03782042
Melanoma and other skin cancers,2020,35-39,0.33069123
Melanoma and other skin cancers,2020,40-44,0.28630107
Melanoma and other skin cancers,2020,45-49,0.52775072
Melanoma and other skin cancers,2020,50-54,0.83608295
Breast cancer,2020,45-49,12.34936675
Breast cancer,2020,50-54,17.79662282
Breast cancer,2020,55-59,22.15333095
Breast cancer,2020,60-64,20.83646561
Cervix uteri cancer,2020,0,0.0
Cervix uteri cancer,2020,1-4,0.0
Cervix uteri cancer,2020,5-9,0.0
Cervix uteri cancer,2020,10-14,0.0
Cervix uteri cancer,2020,80-84,6.96982501
Cervix uteri cancer,2020,85+,9.80529486
Corpus uteri cancer,2020,25-29,0.03439606
Corpus uteri cancer,2020,30-34,0.17066908
Corpus uteri cancer,2020,35-39,0.3674347
Corpus uteri cancer,2020,40-44,0.71575267
Cervix uteri cancer,2020,75-79,7.07864373
Corpus uteri cancer,2020,10-14,0.0
Corpus uteri cancer,2020,20-24,0.0349277
Corpus uteri cancer,2020,45-49,1.1082765
Corpus uteri cancer,2020,55-59,2.92206513
Corpus uteri cancer,2020,65-69,4.74368981
Ovary cancer,2020,1-4,0.0
Ovary cancer,2020,10-14,0.0
Ovary cancer,2020,45-49,2.05822779
Ovary cancer,2020,55-59,4.21321018
Ovary cancer,2020,80-84,5.22736876
Prostate cancer,2020,1-4,0.0
Prostate cancer,2020,35-39,0.03674347
Prostate cancer,2020,45-49,0.10555014
Prostate cancer,2020,70-74,14.59232687
Prostate cancer,2020,80-84,42.69017821
Testicular cancer,2020,25-29,0.34396057
Testicular cancer,2020,35-39,0.29394776
Testicular cancer,2020,60-64,0.0
Testicular cancer,2020,70-74,0.0
Iron-deficiency anaemia,2020,15-19,0.0374568
Iron-deficiency anaemia,2020,25-29,0.03439606
Iron-deficiency anaemia,2020,50-54,0.41804148
Iron-deficiency anaemia,2020,60-64,0.49026978
Other nutritional disorders,2020,5-9,0.0
Stomach cancer,2020,85+,15.40832049
Colon and rectum cancers,2020,30-34,0.92161306
Colon and rectum cancers,2020,35-39,1.61671269
Colon and rectum cancers,2020,40-44,3.14931173
Colon and rectum cancers,2020,45-49,6.17468338
Liver cancer,2020,0,0.0
Liver cancer,2020,60-64,21.73529354
Liver cancer,2020,65-69,28.89338342
Liver cancer,2020,70-74,35.26478993
Liver cancer,2020,75-79,32.94291891
Liver cancer,2020,80-84,33.10666882
Pancreas cancer,2020,10-14,0.0
Pancreas cancer,2020,15-19,0.0
Pancreas cancer,2020,20-24,0.0
Pancreas cancer,2020,25-29,0.03439606
"Trachea, bronchus, lung cancers",2020,45-49,8.02181088
"Trachea, bronchus, lung cancers",2020,50-54,12.7204049
"Trachea, bronchus, lung cancers",2020,55-59,19.50308584
"Trachea, bronchus, lung cancers",2020,60-64,34.40059617
Melanoma and other skin cancers,2020,0,0.0
Melanoma and other skin cancers,2020,1-4,0.0
Melanoma and other skin cancers,2020,5-9,0.0
Melanoma and other skin cancers,2020,75-79,3.53932187
Melanoma and other skin cancers,2020,80-84,3.92052657
Vitamin A deficiency,2020,25-29,0.0
Vitamin A deficiency,2020,60-64,0.0
Vitamin A deficiency,2020,70-74,0.0
Mouth and oropharynx cancers,2020,0,0.0
Mouth and oropharynx cancers,2020,30-34,0.54614107
Mouth and oropharynx cancers,2020,40-44,2.48127591
Mouth and oropharynx cancers,2020,65-69,8.19364604
Mouth and oropharynx cancers,2020,75-79,14.70179852
Mouth and oropharynx cancers,2020,85+,18.20983331
Oesophagus cancer,2020,1-4,0.0
Oesophagus cancer,2020,35-39,0.07348694
Oesophagus cancer,2020,45-49,0.58052579
Oesophagus cancer,2020,70-74,3.80008512
Oesophagus cancer,2020,80-84,7.40543908
Stomach cancer,2020,25-29,0.06879211
Stomach cancer,2020,35-39,0.51440858
Stomach cancer,2020,60-64,5.14783268
Stomach cancer,2020,70-74,9.72821791
Colon and rectum cancers,2020,15-19,0.07491361
Colon and rectum cancers,2020,25-29,0.51594085
Colon and rectum cancers,2020,50-54,10.80935816
Colon and rectum cancers,2020,60-64,26.22943318
Liver cancer,2020,5-9,0.0797423
Liver cancer,2020,15-19,0.0374568
Ovary cancer,2020,60-64,5.55639083
Ovary cancer,2020,65-69,6.3608568
Ovary cancer,2020,70-74,6.68814981
Ovary cancer,2020,75-79,5.17285503
Prostate cancer,2020,5-9,0.0
Prostate cancer,2020,10-14,0.0
Prostate cancer,2020,15-19,0.0
Prostate cancer,2020,20-24,0.0
Prostate cancer,2020,25-29,0.03439606
Testicular cancer,2020,40-44,0.04771684
Testicular cancer,2020,45-49,0.21110029
Testicular cancer,2020,50-54,0.11944042
Testicular cancer,2020,55-59,0.067955
Iron-deficiency anaemia,2020,0,0.56297219
Iron-deficiency anaemia,2020,1-4,0.0
Iron-deficiency anaemia,2020,5-9,0.0
Iron-deficiency anaemia,2020,70-74,1.67203745
Iron-deficiency anaemia,2020,75-79,4.08383292
Iron-deficiency anaemia,2020,80-84,10.45473752
Iron-deficiency anaemia,2020,85+,10.50567306
Other nutritional disorders,2020,20-24,0.0
Other nutritional disorders,2020,25-29,0.03439606
Other nutritional disorders,2020,30-34,0.0
Other nutritional disorders,2020,35-39,0.0
Brain and nervous system cancers,2020,50-54,1.73188611
Other nutritional disorders,2020,15-19,0.0
Other nutritional disorders,2020,40-44,0.04771684
Other nutritional disorders,2020,50-54,0.11944042
Other nutritional disorders,2020,85+,3.50189102
Brain and nervous system cancers,2020,0,0.0
Brain and nervous system cancers,2020,5-9,0.55819613
Brain and nervous system cancers,2020,30-34,0.4096058
Brain and nervous system cancers,2020,40-44,0.57260213
Brain and nervous system cancers,2020,75-79,5.17285503
Brain and nervous system cancers,2020,85+,5.60302563
Gallbladder and biliary tract cancer,2020,0,0.0
Gallbladder and biliary tract cancer,2020,20-24,0.0
Gallbladder and biliary tract cancer,2020,30-34,0.0
Gallbladder and biliary tract cancer,2020,65-69,4.74368981
Gallbladder and biliary tract cancer,2020,75-79,3.53932187
Larynx cancer,2020,10-14,0.0
Larynx cancer,2020,20-24,0.0
Larynx cancer,2020,30-34,0.0
Larynx cancer,2020,55-59,0.88341504
Larynx cancer,2020,65-69,1.18592245
Thyroid cancer,2020,1-4,0.0
Thyroid cancer,2020,10-14,0.0
Thyroid cancer,2020,20-24,0.0349277
Melanoma and other skin cancers,2020,85+,7.00378204
Breast cancer,2020,5-9,0.0
Breast cancer,2020,10-14,0.0
Breast cancer,2020,15-19,0.0
Breast cancer,2020,20-24,0.0698554
Breast cancer,2020,85+,23.11248074
Cervix uteri cancer,2020,35-39,1.10230411
Cervix uteri cancer,2020,40-44,1.38378849
Cervix uteri cancer,2020,45-49,2.00545272
Cervix uteri cancer,2020,50-54,3.52349244
Corpus uteri cancer,2020,0,0.0
Corpus uteri cancer,2020,1-4,0.0
Corpus uteri cancer,2020,70-74,5.62412598
Corpus uteri cancer,2020,75-79,6.8063882
Corpus uteri cancer,2020,80-84,6.53421095
Corpus uteri cancer,2020,85+,2.10113461
Ovary cancer,2020,15-19,0.0374568
Ovary cancer,2020,20-24,0.17463851
Ovary cancer,2020,25-29,0.17198028
Ovary cancer,2020,30-34,0.37547199
Ovary cancer,2020,35-39,0.44092164
Prostate cancer,2020,50-54,0.83608295
Prostate cancer,2020,55-59,1.42705506
Prostate cancer,2020,60-64,3.67702334
Prostate cancer,2020,65-69,7.22334585
Brain and nervous system cancers,2020,55-59,2.58229011
Brain and nervous system cancers,2020,60-64,2.94161867
Brain and nervous system cancers,2020,65-69,4.85150095
Brain and nervous system cancers,2020,70-74,4.56010215
Gallbladder and biliary tract cancer,2020,1-4,0.0
Gallbladder and biliary tract cancer,2020,5-9,0.0
Gallbladder and biliary tract cancer,2020,10-14,0.0
Gallbladder and biliary tract cancer,2020,15-19,0.0
Gallbladder and biliary tract cancer,2020,85+,2.80151282
Larynx cancer,2020,35-39,0.0
Larynx cancer,2020,40-44,0.0
Larynx cancer,2020,45-49,0.10555014
Larynx cancer,2020,50-54,0.11944042
Thyroid cancer,2020,0,0.0
Thyroid cancer,2020,65-69,2.6952783
Thyroid cancer,2020,70-74,2.73606129
Thyroid cancer,2020,75-79,5.98962162
Thyroid cancer,2020,80-84,4.7917547
Mesothelioma,2020,15-19,0.0374568
Mesothelioma,2020,20-24,0.0
Mesothelioma,2020,25-29,0.0
Mesothelioma,2020,30-34,0.0
"Lymphomas, multiple myeloma",2020,45-49,2.37487822
"Lymphomas, multiple myeloma",2020,50-54,3.70265307
Liver cancer,2020,40-44,2.00410747
Liver cancer,2020,50-54,10.21215605
Liver cancer,2020,85+,35.01891021
Pancreas cancer,2020,0,0.0
Pancreas cancer,2020,5-9,0.0
Pancreas cancer,2020,30-34,0.2048029
Pancreas cancer,2020,40-44,0.90662004
Pancreas cancer,2020,75-79,16.06307616
Pancreas cancer,2020,85+,18.91021151
"Trachea, bronchus, lung cancers",2020,0,0.0
"Trachea, bronchus, lung cancers",2020,20-24,0.13971081
"Trachea, bronchus, lung cancers",2020,30-34,0.54614107
"Trachea, bronchus, lung cancers",2020,40-44,3.8650644
"Trachea, bronchus, lung cancers",2020,65-69,52.50402136
"Trachea, bronchus, lung cancers",2020,75-79,79.22635869
Melanoma and other skin cancers,2020,10-14,0.0
Melanoma and other skin cancers,2020,20-24,0.0
Melanoma and other skin cancers,2020,30-34,0.03413382
Melanoma and other skin cancers,2020,55-59,0.95137004
Melanoma and other skin cancers,2020,65-69,1.83278925
Breast cancer,2020,1-4,0.0
Breast cancer,2020,25-29,0.44714874
Breast cancer,2020,35-39,3.27016886
Breast cancer,2020,70-74,20.36845625
Thyroid cancer,2020,45-49,0.42220057
Thyroid cancer,2020,55-59,1.49501006
Mesothelioma,2020,1-4,0.0
Mesothelioma,2020,10-14,0.0
Mesothelioma,2020,35-39,0.07348694
Mesothelioma,2020,45-49,0.0
Mesothelioma,2020,80-84,0.0
"Lymphomas, multiple myeloma",2020,1-4,0.14270587
"Lymphomas, multiple myeloma",2020,25-29,0.68792114
"Lymphomas, multiple myeloma",2020,35-39,1.10230411
"Lymphomas, multiple myeloma",2020,70-74,13.68030644
"Lymphomas, multiple myeloma",2020,80-84,13.93965003
Leukaemia,2020,0,0.75062959
Leukaemia,2020,30-34,1.26295122
Leukaemia,2020,40-44,1.52693902
Leukaemia,2020,75-79,16.06307616
Leukaemia,2020,85+,14.70794229
Diabetes mellitus,2020,10-14,0.12264787
Diabetes mellitus,2020,20-24,0.27942161
Diabetes mellitus,2020,55-59,16.2412457
Diabetes mellitus,2020,65-69,36.11672927
Endocrine disorders,2020,1-4,1.141647
Endocrine disorders,2020,10-14,0.57235672
Endocrine disorders,2020,45-49,3.32482951
Endocrine disorders,2020,55-59,9.44574541
Endocrine disorders,2020,80-84,73.18316265
Unipolar depressive disorders,2020,25-29,0.0
Unipolar depressive disorders,2020,35-39,0.0
Unipolar depressive disorders,2020,70-74,0.30400681
Unipolar depressive disorders,2020,80-84,0.0
Bipolar disorder,2020,15-19,0.0
Bipolar disorder,2020,25-29,0.0
Bipolar disorder,2020,60-64,0.0
Bipolar disorder,2020,70-74,0.0
Schizophrenia,2020,5-9,0.0
Schizophrenia,2020,15-19,0.0
Schizophrenia,2020,50-54,0.0
Schizophrenia,2020,60-64,0.08171163
Schizophrenia,2020,85+,0.0
Epilepsy,2020,0,0.75062959
Epilepsy,2020,5-9,0.11961346
Epilepsy,2020,40-44,0.52488529
Epilepsy,2020,50-54,1.13468401
Epilepsy,2020,75-79,3.53932187
Epilepsy,2020,85+,2.80151282
Alcohol use disorders,2020,0,0.0
Alcohol use disorders,2020,30-34,0.03413382
Alcohol use disorders,2020,40-44,0.09543369
Alcohol use disorders,2020,65-69,0.0
Alcohol use disorders,2020,75-79,0.0
Testicular cancer,2020,0,0.0
Testicular cancer,2020,1-4,0.0
Testicular cancer,2020,5-9,0.0
Testicular cancer,2020,10-14,0.0
Testicular cancer,2020,15-19,0.14982721
Testicular cancer,2020,80-84,0.0
Testicular cancer,2020,85+,0.0
Iron-deficiency anaemia,2020,30-34,0.03413382
Iron-deficiency anaemia,2020,35-39,0.11023041
Iron-deficiency anaemia,2020,40-44,0.14315053
Iron-deficiency anaemia,2020,45-49,0.26387536
Other nutritional disorders,2020,0,0.0
Other nutritional disorders,2020,60-64,0.0
Other nutritional disorders,2020,65-69,0.10781113
Other nutritional disorders,2020,70-74,0.45601021
Other nutritional disorders,2020,75-79,0.54451106
Other nutritional disorders,2020,80-84,1.30684219
Brain and nervous system cancers,2020,10-14,0.81765246
Brain and nervous system cancers,2020,15-19,0.41202483
Brain and nervous system cancers,2020,20-24,0.38420472
Brain and nervous system cancers,2020,25-29,0.41275268
Gallbladder and biliary tract cancer,2020,40-44,0.09543369
Gallbladder and biliary tract cancer,2020,45-49,0.31665043
Gallbladder and biliary tract cancer,2020,50-54,0.59720211
"Lymphomas, multiple myeloma",2020,55-59,4.7568502
"Lymphomas, multiple myeloma",2020,60-64,7.84431647
Leukaemia,2020,5-9,0.59806729
Leukaemia,2020,10-14,1.18559607
Leukaemia,2020,15-19,1.3109881
Leukaemia,2020,20-24,1.04783104
Leukaemia,2020,25-29,1.2726541
Diabetes mellitus,2020,0,0.1876574
Diabetes mellitus,2020,1-4,0.0
Diabetes mellitus,2020,5-9,0.0797423
Diabetes mellitus,2020,70-74,52.13716787
Diabetes mellitus,2020,75-79,63.98004912
Diabetes mellitus,2020,80-84,88.86526893
Diabetes mellitus,2020,85+,99.453705
Endocrine disorders,2020,20-24,0.90812024
Endocrine disorders,2020,25-29,0.92869353
Endocrine disorders,2020,30-34,1.57015558
Endocrine disorders,2020,35-39,1.91066046
Unipolar depressive disorders,2020,1-4,0.0
Unipolar depressive disorders,2020,5-9,0.0
Unipolar depressive disorders,2020,10-14,0.0
Unipolar depressive disorders,2020,15-19,0.0
Unipolar depressive disorders,2020,85+,0.0
Bipolar disorder,2020,35-39,0.0
Bipolar disorder,2020,40-44,0.0
Gallbladder and biliary tract cancer,2020,55-59,1.49501006
Gallbladder and biliary tract cancer,2020,60-64,1.96107912
Larynx cancer,2020,0,0.0
Larynx cancer,2020,1-4,0.0
Larynx cancer,2020,5-9,0.0
Larynx cancer,2020,75-79,1.9057887
Larynx cancer,2020,80-84,1.74245625
Larynx cancer,2020,85+,2.10113461
Thyroid cancer,2020,25-29,0.06879211
Thyroid cancer,2020,30-34,0.0
Thyroid cancer,2020,35-39,0.07348694
Thyroid cancer,2020,40-44,0.14315053
Mesothelioma,2020,55-59,0.20386501
Mesothelioma,2020,60-64,0.24513489
Mesothelioma,2020,65-69,0.10781113
Mesothelioma,2020,70-74,0.1520034
"Lymphomas, multiple myeloma",2020,5-9,0.27909807
"Lymphomas, multiple myeloma",2020,10-14,0.04088262
"Lymphomas, multiple myeloma",2020,15-19,0.52439524
"Lymphomas, multiple myeloma",2020,20-24,0.55884322
"Lymphomas, multiple myeloma",2020,85+,11.90642947
Leukaemia,2020,50-54,2.62768928
Leukaemia,2020,55-59,3.46570515
Leukaemia,2020,60-64,4.24900475
Leukaemia,2020,65-69,8.94832397
Alzheimer and other dementias,2020,20-24,0.0349277
Alzheimer and other dementias,2020,30-34,0.0
Alzheimer and other dementias,2020,55-59,0.20386501
Alzheimer and other dementias,2020,65-69,0.43124453
Parkinson disease,2020,10-14,0.0
Parkinson disease,2020,20-24,0.0
Parkinson disease,2020,45-49,0.0
Parkinson disease,2020,55-59,0.20386501
Parkinson disease,2020,65-69,1.18592245
Kidney cancer,2020,1-4,0.14270587
Kidney cancer,2020,10-14,0.0
Kidney cancer,2020,35-39,0.18371735
Kidney cancer,2020,45-49,1.37215186
Kidney cancer,2020,55-59,1.83478508
Kidney cancer,2020,80-84,2.61368438
Bladder cancer,2020,1-4,0.0
Bladder cancer,2020,35-39,0.07348694
Bladder cancer,2020,45-49,0.15832521
Bladder cancer,2020,70-74,4.56010215
Bladder cancer,2020,80-84,11.76157971
Post-traumatic stress disorder,2020,25-29,0.0
Post-traumatic stress disorder,2020,35-39,0.0
Post-traumatic stress disorder,2020,60-64,0.0
Post-traumatic stress disorder,2020,70-74,0.0
Bipolar disorder,2020,45-49,0.0
Bipolar disorder,2020,50-54,0.0
Schizophrenia,2020,0,0.0
Schizophrenia,2020,65-69,0.0
Schizophrenia,2020,70-74,0.0
Schizophrenia,2020,75-79,0.0
Schizophrenia,2020,80-84,0.0
Epilepsy,2020,15-19,0.44948164
Epilepsy,2020,20-24,0.59377092
Epilepsy,2020,25-29,0.68792114
Epilepsy,2020,30-34,0.51200725
Alcohol use disorders,2020,45-49,0.05277507
Alcohol use disorders,2020,50-54,0.05972021
Alcohol use disorders,2020,55-59,0.0
Alcohol use disorders,2020,60-64,0.0
Alzheimer and other dementias,2020,0,0.3753148
Alzheimer and other dementias,2020,1-4,0.04756862
Alzheimer and other dementias,2020,5-9,0.15948461
Alzheimer and other dementias,2020,10-14,0.04088262
Alzheimer and other dementias,2020,75-79,1.36127764
Alzheimer and other dementias,2020,80-84,6.09859689
Alzheimer and other dementias,2020,85+,14.70794229
Parkinson disease,2020,25-29,0.0
Parkinson disease,2020,30-34,0.0
Parkinson disease,2020,35-39,0.03674347
Diabetes mellitus,2020,30-34,0.54614107
Diabetes mellitus,2020,35-39,1.3595084
Diabetes mellitus,2020,40-44,2.91072751
Diabetes mellitus,2020,45-49,4.48588109
Endocrine disorders,2020,0,3.75314795
Endocrine disorders,2020,60-64,14.29953522
Endocrine disorders,2020,65-69,18.86694813
Endocrine disorders,2020,70-74,25.23256521
Endocrine disorders,2020,75-79,44.92216215
Unipolar depressive disorders,2020,40-44,0.0
Unipolar depressive disorders,2020,45-49,0.0
Unipolar depressive disorders,2020,50-54,0.0
Unipolar depressive disorders,2020,55-59,0.0
Unipolar depressive disorders,2020,60-64,0.08171163
Bipolar disorder,2020,0,0.0
Bipolar disorder,2020,1-4,0.0
Bipolar disorder,2020,5-9,0.0
Bipolar disorder,2020,75-79,0.0
Bipolar disorder,2020,80-84,0.0
Bipolar disorder,2020,85+,0.0
Schizophrenia,2020,25-29,0.0
Schizophrenia,2020,30-34,0.0
Schizophrenia,2020,35-39,0.0
Schizophrenia,2020,40-44,0.0
Epilepsy,2020,55-59,1.22319005
Obsessive-compulsive disorder,2020,15-19,0.0
Obsessive-compulsive disorder,2020,25-29,0.0
Obsessive-compulsive disorder,2020,50-54,0.0
Obsessive-compulsive disorder,2020,60-64,0.0
Panic disorder,2020,5-9,0.0
Panic disorder,2020,15-19,0.0
Panic disorder,2020,40-44,0.0
Panic disorder,2020,50-54,0.0
Panic disorder,2020,85+,0.0
Insomnia (primary),2020,0,0.0
Insomnia (primary),2020,5-9,0.0
Insomnia (primary),2020,30-34,0.0
Insomnia (primary),2020,40-44,0.0
Insomnia (primary),2020,75-79,0.0
Insomnia (primary),2020,85+,0.0
Migraine,2020,0,0.0
Migraine,2020,20-24,0.0
Migraine,2020,30-34,0.0
Migraine,2020,65-69,0.0
Migraine,2020,75-79,0.0
Mental Retardation,2020,10-14,0.0
Mental Retardation,2020,20-24,0.0
Mental Retardation,2020,55-59,0.0
Mental Retardation,2020,65-69,0.0
Other neuropsychiatric disorders,2020,1-4,0.80866662
Parkinson disease,2020,40-44,0.0
Kidney cancer,2020,60-64,3.10504193
Kidney cancer,2020,65-69,5.06712321
Kidney cancer,2020,70-74,6.68814981
Kidney cancer,2020,75-79,6.8063882
Bladder cancer,2020,5-9,0.0
Bladder cancer,2020,10-14,0.0
Bladder cancer,2020,15-19,0.0
Bladder cancer,2020,20-24,0.0
Bladder cancer,2020,25-29,0.0
Post-traumatic stress disorder,2020,40-44,0.0
Post-traumatic stress disorder,2020,45-49,0.0
Post-traumatic stress disorder,2020,50-54,0.0
Post-traumatic stress disorder,2020,55-59,0.0
Obsessive-compulsive disorder,2020,0,0.0
Obsessive-compulsive disorder,2020,1-4,0.0
Obsessive-compulsive disorder,2020,5-9,0.0
Obsessive-compulsive disorder,2020,70-74,0.0
Obsessive-compulsive disorder,2020,75-79,0.0
Obsessive-compulsive disorder,2020,80-84,0.0
Obsessive-compulsive disorder,2020,85+,0.0
Panic disorder,2020,20-24,0.0
Panic disorder,2020,25-29,0.0
Panic disorder,2020,30-34,0.0
Epilepsy,2020,60-64,0.89882793
Epilepsy,2020,65-69,0.97030019
Epilepsy,2020,70-74,1.82404086
Alcohol use disorders,2020,5-9,0.0
Alcohol use disorders,2020,10-14,0.0
Alcohol use disorders,2020,15-19,0.0
Alcohol use disorders,2020,20-24,0.0
Alcohol use disorders,2020,85+,0.0
Alzheimer and other dementias,2020,35-39,0.0
Alzheimer and other dementias,2020,40-44,0.0
Alzheimer and other dementias,2020,45-49,0.0
Alzheimer and other dementias,2020,50-54,0.0
Parkinson disease,2020,0,0.0
Parkinson disease,2020,1-4,0.0
Parkinson disease,2020,70-74,1.82404086
Parkinson disease,2020,75-79,2.72255528
Parkinson disease,2020,80-84,3.04929844
Parkinson disease,2020,85+,1.40075641
Kidney cancer,2020,15-19,0.0
Kidney cancer,2020,20-24,0.0
Kidney cancer,2020,25-29,0.0
Kidney cancer,2020,30-34,0.0
Bladder cancer,2020,50-54,0.71664253
Bladder cancer,2020,55-59,1.35910006
Bladder cancer,2020,60-64,2.20621401
Other neuropsychiatric disorders,2020,10-14,1.0629482
Other neuropsychiatric disorders,2020,20-24,0.80333713
Other neuropsychiatric disorders,2020,45-49,2.37487822
Other neuropsychiatric disorders,2020,55-59,4.34912019
Glaucoma,2020,1-4,0.0
Glaucoma,2020,25-29,0.0
Glaucoma,2020,35-39,0.0
Glaucoma,2020,70-74,0.0
Glaucoma,2020,80-84,0.0
Cataracts,2020,15-19,0.0
Cataracts,2020,25-29,0.0
Cataracts,2020,60-64,0.0
Cataracts,2020,70-74,0.0
"Vision disorders, age-related",2020,5-9,0.0
"Vision disorders, age-related",2020,15-19,0.0
"Vision disorders, age-related",2020,50-54,0.0
"Vision disorders, age-related",2020,60-64,0.0
"Hearing loss, adult onset ",2020,0,0.0
"Hearing loss, adult onset ",2020,5-9,0.0
"Hearing loss, adult onset ",2020,40-44,0.0
"Hearing loss, adult onset ",2020,50-54,0.0
"Hearing loss, adult onset ",2020,85+,0.0
Other sense organ disorders,2020,0,0.0
Other sense organ disorders,2020,30-34,0.03413382
Panic disorder,2020,35-39,0.0
Insomnia (primary),2020,50-54,0.0
Insomnia (primary),2020,55-59,0.0
Insomnia (primary),2020,60-64,0.0
Insomnia (primary),2020,65-69,0.0
Insomnia (primary),2020,70-74,0.0
Migraine,2020,1-4,0.0
Migraine,2020,5-9,0.0
Migraine,2020,10-14,0.0
Migraine,2020,15-19,0.0
Migraine,2020,85+,0.0
Mental Retardation,2020,30-34,0.0
Mental Retardation,2020,35-39,0.0
Mental Retardation,2020,40-44,0.0
Mental Retardation,2020,45-49,0.0
Mental Retardation,2020,50-54,0.0
Other neuropsychiatric disorders,2020,0,7.6939533
Other neuropsychiatric disorders,2020,65-69,7.11553472
Other neuropsychiatric disorders,2020,70-74,9.2722077
Other neuropsychiatric disorders,2020,75-79,9.52894349
Other neuropsychiatric disorders,2020,80-84,11.76157971
Glaucoma,2020,45-49,0.0
Glaucoma,2020,50-54,0.0
Glaucoma,2020,55-59,0.0
Glaucoma,2020,60-64,0.0
Bladder cancer,2020,65-69,3.3421451
Post-traumatic stress disorder,2020,0,0.0
Post-traumatic stress disorder,2020,1-4,0.0
Post-traumatic stress disorder,2020,5-9,0.0
Post-traumatic stress disorder,2020,10-14,0.0
Post-traumatic stress disorder,2020,15-19,0.0
Post-traumatic stress disorder,2020,80-84,0.0
Post-traumatic stress disorder,2020,85+,0.0
Obsessive-compulsive disorder,2020,30-34,0.0
Obsessive-compulsive disorder,2020,35-39,0.0
Obsessive-compulsive disorder,2020,40-44,0.0
Obsessive-compulsive disorder,2020,45-49,0.0
Panic disorder,2020,0,0.0
Panic disorder,2020,60-64,0.0
Panic disorder,2020,65-69,0.0
Panic disorder,2020,70-74,0.0
Panic disorder,2020,75-79,0.0
Insomnia (primary),2020,10-14,0.0
Insomnia (primary),2020,15-19,0.0
Insomnia (primary),2020,20-24,0.0
Insomnia (primary),2020,25-29,0.0
Migraine,2020,40-44,0.0
Migraine,2020,45-49,0.0
Migraine,2020,50-54,0.0
Other sense organ disorders,2020,40-44,0.04771684
Other sense organ disorders,2020,75-79,0.0
Other sense organ disorders,2020,85+,0.7003782
Rheumatic heart disease,2020,10-14,0.08176525
Rheumatic heart disease,2020,20-24,0.0698554
Rheumatic heart disease,2020,55-59,0.33977501
Rheumatic heart disease,2020,65-69,1.29373359
Hypertensive heart disease,2020,1-4,0.0
Hypertensive heart disease,2020,10-14,0.0
Hypertensive heart disease,2020,45-49,1.63602722
Hypertensive heart disease,2020,55-59,4.14525518
Hypertensive heart disease,2020,80-84,57.93667043
Ischaemic heart disease,2020,1-4,0.09513725
Ischaemic heart disease,2020,35-39,15.61597489
Ischaemic heart disease,2020,45-49,61.4829584
Ischaemic heart disease,2020,70-74,348.2398006
Ischaemic heart disease,2020,80-84,723.5549593
Cerebrovascular disease,2020,25-29,1.68540679
Cerebrovascular disease,2020,35-39,7.53241142
Cerebrovascular disease,2020,70-74,180.4280416
Cerebrovascular disease,2020,80-84,480.917926
Inflammatory heart diseases,2020,15-19,0.26219762
Inflammatory heart diseases,2020,25-29,1.5134265
Inflammatory heart diseases,2020,60-64,5.71981409
Cataracts,2020,0,0.0
Cataracts,2020,1-4,0.0
Cataracts,2020,5-9,0.0
Cataracts,2020,10-14,0.0
Cataracts,2020,75-79,0.0
Cataracts,2020,80-84,0.0
Cataracts,2020,85+,0.0
"Vision disorders, age-related",2020,25-29,0.0
"Vision disorders, age-related",2020,30-34,0.0
"Vision disorders, age-related",2020,35-39,0.0
"Vision disorders, age-related",2020,40-44,0.0
"Hearing loss, adult onset ",2020,60-64,0.0
"Hearing loss, adult onset ",2020,65-69,0.0
"Hearing loss, adult onset ",2020,70-74,0.0
"Hearing loss, adult onset ",2020,75-79,0.0
Other sense organ disorders,2020,5-9,0.0
Other sense organ disorders,2020,10-14,0.0
Other sense organ disorders,2020,15-19,0.0
Other sense organ disorders,2020,20-24,0.0
Rheumatic heart disease,2020,0,0.1876574
Rheumatic heart disease,2020,1-4,0.04756862
Rheumatic heart disease,2020,5-9,0.03987115
Rheumatic heart disease,2020,70-74,1.21602724
Rheumatic heart disease,2020,75-79,1.9057887
Migraine,2020,55-59,0.0
Migraine,2020,60-64,0.0
Mental Retardation,2020,0,0.0
Mental Retardation,2020,1-4,0.0
Mental Retardation,2020,5-9,0.0
Mental Retardation,2020,75-79,0.0
Mental Retardation,2020,80-84,0.0
Mental Retardation,2020,85+,0.0
Other neuropsychiatric disorders,2020,25-29,1.03188171
Other neuropsychiatric disorders,2020,30-34,0.85334542
Other neuropsychiatric disorders,2020,35-39,1.17579105
Other neuropsychiatric disorders,2020,40-44,1.81324009
Glaucoma,2020,5-9,0.0
Glaucoma,2020,10-14,0.0
Glaucoma,2020,15-19,0.0
Glaucoma,2020,20-24,0.0
Glaucoma,2020,85+,0.0
Cataracts,2020,35-39,0.0
Cataracts,2020,40-44,0.0
Cataracts,2020,45-49,0.0
Cataracts,2020,50-54,0.0
"Vision disorders, age-related",2020,0,0.0
"Vision disorders, age-related",2020,1-4,0.0
"Vision disorders, age-related",2020,70-74,0.0
"Vision disorders, age-related",2020,75-79,0.0
Inflammatory heart diseases,2020,70-74,9.4242111
Chronic obstructive pulmonary disease,2020,0,1.68891658
Chronic obstructive pulmonary disease,2020,5-9,0.0
Chronic obstructive pulmonary disease,2020,40-44,0.8589032
Chronic obstructive pulmonary disease,2020,50-54,3.52349244
Chronic obstructive pulmonary disease,2020,75-79,67.24711545
Chronic obstructive pulmonary disease,2020,85+,119.7646729
Asthma,2020,0,0.1876574
Asthma,2020,30-34,0.71681015
Asthma,2020,40-44,1.62237271
Asthma,2020,65-69,7.54677925
Asthma,2020,75-79,20.14690908
Multiple sclerosis,2020,20-24,0.0
Multiple sclerosis,2020,30-34,0.0
Multiple sclerosis,2020,55-59,0.0
Multiple sclerosis,2020,65-69,0.10781113
Drug use disorders,2020,10-14,0.0
Drug use disorders,2020,20-24,0.0
Drug use disorders,2020,45-49,0.05277507
Drug use disorders,2020,55-59,0.40773002
Peptic ulcer disease,2020,1-4,0.0
Peptic ulcer disease,2020,25-29,0.17198028
Peptic ulcer disease,2020,35-39,0.25720429
Peptic ulcer disease,2020,45-49,0.94995129
Rheumatic heart disease,2020,80-84,1.30684219
Rheumatic heart disease,2020,85+,1.40075641
Hypertensive heart disease,2020,20-24,0.0698554
Hypertensive heart disease,2020,25-29,0.10318817
Hypertensive heart disease,2020,30-34,0.13653527
Hypertensive heart disease,2020,35-39,0.51440858
Ischaemic heart disease,2020,50-54,95.91065857
Ischaemic heart disease,2020,55-59,140.530946
Ischaemic heart disease,2020,60-64,195.8627768
Ischaemic heart disease,2020,65-69,259.3935839
Cerebrovascular disease,2020,1-4,0.04756862
Cerebrovascular disease,2020,5-9,0.27909807
Cerebrovascular disease,2020,10-14,0.32706099
Cerebrovascular disease,2020,15-19,0.48693844
Cerebrovascular disease,2020,85+,705.2808517
Inflammatory heart diseases,2020,30-34,1.36535267
Inflammatory heart diseases,2020,35-39,1.65345616
Inflammatory heart diseases,2020,40-44,3.38789595
Inflammatory heart diseases,2020,45-49,4.11645558
Inflammatory heart diseases,2020,50-54,4.47901581
Chronic obstructive pulmonary disease,2020,15-19,0.0374568
Chronic obstructive pulmonary disease,2020,20-24,0.0698554
Chronic obstructive pulmonary disease,2020,25-29,0.17198028
Peptic ulcer disease,2020,70-74,8.20818386
Peptic ulcer disease,2020,80-84,16.55333441
Cirrhosis of the liver,2020,25-29,0.13758423
Cirrhosis of the liver,2020,35-39,0.58789553
Cirrhosis of the liver,2020,60-64,5.88323735
Cirrhosis of the liver,2020,70-74,9.72821791
Appendicitis,2020,15-19,0.07491361
Appendicitis,2020,25-29,0.10318817
Appendicitis,2020,50-54,0.23888084
Appendicitis,2020,60-64,0.24513489
Gastritis and duodenitis,2020,5-9,0.0
Gastritis and duodenitis,2020,15-19,0.0
Gastritis and duodenitis,2020,40-44,0.0
Gastritis and duodenitis,2020,50-54,0.05972021
Gastritis and duodenitis,2020,85+,4.20226923
Paralytic ileus and intestinal obstruction,2020,0,1.31360178
Paralytic ileus and intestinal obstruction,2020,5-9,0.0
Paralytic ileus and intestinal obstruction,2020,30-34,0.06826763
Paralytic ileus and intestinal obstruction,2020,40-44,0.09543369
Paralytic ileus and intestinal obstruction,2020,75-79,4.62834398
Paralytic ileus and intestinal obstruction,2020,85+,13.30718588
Inflammatory bowel disease,2020,0,0.1876574
Inflammatory bowel disease,2020,20-24,0.0698554
"Vision disorders, age-related",2020,80-84,0.0
"Vision disorders, age-related",2020,85+,0.0
"Hearing loss, adult onset ",2020,15-19,0.0
"Hearing loss, adult onset ",2020,20-24,0.0
"Hearing loss, adult onset ",2020,25-29,0.0
"Hearing loss, adult onset ",2020,30-34,0.0
Other sense organ disorders,2020,50-54,0.0
Other sense organ disorders,2020,55-59,0.0
Other sense organ disorders,2020,60-64,0.16342326
Other sense organ disorders,2020,65-69,0.0
Rheumatic heart disease,2020,30-34,0.13653527
Rheumatic heart disease,2020,35-39,0.18371735
Rheumatic heart disease,2020,40-44,0.23858422
Rheumatic heart disease,2020,45-49,0.15832521
Hypertensive heart disease,2020,0,0.0
Hypertensive heart disease,2020,60-64,5.63810246
Hypertensive heart disease,2020,65-69,10.02643529
Hypertensive heart disease,2020,70-74,15.96035751
Hypertensive heart disease,2020,75-79,27.49780834
Ischaemic heart disease,2020,10-14,0.12264787
Ischaemic heart disease,2020,15-19,0.37456803
Ischaemic heart disease,2020,20-24,1.22246955
Ischaemic heart disease,2020,25-29,2.88926877
Inflammatory bowel disease,2020,30-34,0.06826763
Inflammatory bowel disease,2020,65-69,1.83278925
Inflammatory bowel disease,2020,75-79,2.45029975
Gallbladder and biliary diseases,2020,10-14,0.0
Gallbladder and biliary diseases,2020,20-24,0.1047831
Gallbladder and biliary diseases,2020,55-59,1.90274008
Gallbladder and biliary diseases,2020,65-69,2.37184491
Pancreatitis,2020,1-4,0.0
Pancreatitis,2020,10-14,0.0
Pancreatitis,2020,45-49,0.89717622
Pancreatitis,2020,55-59,1.08728005
Other digestive diseases,2020,1-4,0.23784312
Other digestive diseases,2020,10-14,0.16353049
Other digestive diseases,2020,35-39,1.80043005
Other digestive diseases,2020,45-49,7.49406017
Other digestive diseases,2020,80-84,82.76667204
Nephritis and nephrosis,2020,15-19,0.41202483
Nephritis and nephrosis,2020,25-29,0.96308959
Nephritis and nephrosis,2020,60-64,30.47843794
Nephritis and nephrosis,2020,70-74,59.58533471
Benign prostatic hypertrophy,2020,5-9,0.0
Benign prostatic hypertrophy,2020,15-19,0.0
Benign prostatic hypertrophy,2020,50-54,0.0
Benign prostatic hypertrophy,2020,60-64,0.0
Chronic obstructive pulmonary disease,2020,30-34,0.13653527
Asthma,2020,45-49,1.58325215
Asthma,2020,50-54,2.50824885
Asthma,2020,55-59,2.71820012
Asthma,2020,60-64,4.41242801
Multiple sclerosis,2020,0,0.0
Multiple sclerosis,2020,1-4,0.0
Multiple sclerosis,2020,5-9,0.0
Multiple sclerosis,2020,10-14,0.0
Multiple sclerosis,2020,75-79,0.0
Multiple sclerosis,2020,80-84,0.0
Multiple sclerosis,2020,85+,0.0
Drug use disorders,2020,25-29,0.0
Drug use disorders,2020,30-34,0.03413382
Drug use disorders,2020,35-39,0.14697388
Drug use disorders,2020,40-44,0.0
Peptic ulcer disease,2020,5-9,0.0
Peptic ulcer disease,2020,10-14,0.0
Peptic ulcer disease,2020,15-19,0.0
Peptic ulcer disease,2020,20-24,0.0
Cirrhosis of the liver,2020,40-44,1.52693902
Cirrhosis of the liver,2020,45-49,2.95540401
Cirrhosis of the liver,2020,50-54,3.46377223
Cirrhosis of the liver,2020,55-59,5.57231024
Appendicitis,2020,0,0.0
Cerebrovascular disease,2020,40-44,15.74655866
Cerebrovascular disease,2020,45-49,21.7433295
Cerebrovascular disease,2020,50-54,37.68345302
Cerebrovascular disease,2020,55-59,53.5485423
Cerebrovascular disease,2020,60-64,80.15910889
Inflammatory heart diseases,2020,0,2.06423137
Inflammatory heart diseases,2020,1-4,0.14270587
Inflammatory heart diseases,2020,5-9,0.11961346
Inflammatory heart diseases,2020,75-79,9.80119901
Inflammatory heart diseases,2020,80-84,14.81087815
Inflammatory heart diseases,2020,85+,10.50567306
Chronic obstructive pulmonary disease,2020,55-59,6.65959029
Chronic obstructive pulmonary disease,2020,60-64,12.583591
Chronic obstructive pulmonary disease,2020,65-69,22.10128209
Chronic obstructive pulmonary disease,2020,70-74,35.87280355
Asthma,2020,5-9,0.03987115
Asthma,2020,10-14,0.08176525
Asthma,2020,15-19,0.29965442
Asthma,2020,20-24,0.27942161
Asthma,2020,85+,36.41966662
Multiple sclerosis,2020,35-39,0.0
Multiple sclerosis,2020,40-44,0.0
Multiple sclerosis,2020,45-49,0.0
Multiple sclerosis,2020,50-54,0.0
Other genitourinary system diseases,2020,0,0.0
Other genitourinary system diseases,2020,5-9,0.0
Other genitourinary system diseases,2020,40-44,1.38378849
Other genitourinary system diseases,2020,50-54,3.04573075
Other genitourinary system diseases,2020,85+,133.0718588
Rheumatoid arthritis,2020,10-14,0.0
Rheumatoid arthritis,2020,20-24,0.0
Rheumatoid arthritis,2020,55-59,0.067955
Rheumatoid arthritis,2020,65-69,0.21562226
Osteoarthritis,2020,1-4,0.0
Osteoarthritis,2020,10-14,0.0
Osteoarthritis,2020,45-49,0.0
Osteoarthritis,2020,55-59,0.0
Osteoarthritis,2020,80-84,0.43561406
Gout,2020,1-4,0.0
Gout,2020,35-39,0.07348694
Gout,2020,45-49,0.21110029
Gout,2020,70-74,0.91202043
Gout,2020,80-84,1.74245625
Back pain,2020,25-29,0.0
Back pain,2020,35-39,0.0
Back pain,2020,60-64,0.16342326
Back pain,2020,70-74,0.30400681
Back pain,2020,80-84,0.87122813
Other musculoskeletal disorders,2020,15-19,0.52439524
Drug use disorders,2020,0,0.0
Drug use disorders,2020,1-4,0.0
Drug use disorders,2020,65-69,0.3234334
Drug use disorders,2020,70-74,0.76001702
Drug use disorders,2020,75-79,1.63353317
Drug use disorders,2020,80-84,0.87122813
Drug use disorders,2020,85+,2.10113461
Peptic ulcer disease,2020,50-54,1.25412443
Peptic ulcer disease,2020,55-59,1.56296507
Peptic ulcer disease,2020,60-64,1.79765586
Peptic ulcer disease,2020,65-69,3.88120076
Cirrhosis of the liver,2020,0,0.0
Cirrhosis of the liver,2020,1-4,0.0
Cirrhosis of the liver,2020,5-9,0.0
Cirrhosis of the liver,2020,10-14,0.04088262
Cirrhosis of the liver,2020,15-19,0.0374568
Cirrhosis of the liver,2020,80-84,9.14789533
Cirrhosis of the liver,2020,85+,7.70416025
Appendicitis,2020,30-34,0.0
Appendicitis,2020,35-39,0.11023041
Appendicitis,2020,40-44,0.09543369
Appendicitis,2020,45-49,0.10555014
Gastritis and duodenitis,2020,0,0.1876574
Gastritis and duodenitis,2020,60-64,0.40855815
Gastritis and duodenitis,2020,65-69,0.10781113
Appendicitis,2020,1-4,0.0
Appendicitis,2020,5-9,0.03987115
Appendicitis,2020,70-74,0.30400681
Appendicitis,2020,75-79,0.27225553
Appendicitis,2020,80-84,0.0
Appendicitis,2020,85+,0.7003782
Gastritis and duodenitis,2020,20-24,0.0
Gastritis and duodenitis,2020,25-29,0.0
Gastritis and duodenitis,2020,30-34,0.0
Gastritis and duodenitis,2020,35-39,0.03674347
Paralytic ileus and intestinal obstruction,2020,50-54,0.29860105
Paralytic ileus and intestinal obstruction,2020,55-59,0.20386501
Paralytic ileus and intestinal obstruction,2020,60-64,0.8171163
Paralytic ileus and intestinal obstruction,2020,65-69,0.97030019
Inflammatory bowel disease,2020,1-4,0.0
Inflammatory bowel disease,2020,5-9,0.03987115
Inflammatory bowel disease,2020,10-14,0.04088262
Inflammatory bowel disease,2020,15-19,0.0
Inflammatory bowel disease,2020,85+,4.90264743
Gallbladder and biliary diseases,2020,30-34,0.06826763
Gallbladder and biliary diseases,2020,35-39,0.25720429
Gallbladder and biliary diseases,2020,40-44,0.19086738
Gallbladder and biliary diseases,2020,45-49,0.79162607
Other musculoskeletal disorders,2020,25-29,0.51594085
Other musculoskeletal disorders,2020,60-64,10.37737699
Other musculoskeletal disorders,2020,70-74,13.22429622
Other respiratory diseases,2020,0,8.63224029
Other respiratory diseases,2020,5-9,0.23922691
Other respiratory diseases,2020,40-44,5.72602133
Other respiratory diseases,2020,50-54,10.39131668
Other respiratory diseases,2020,75-79,138.5780638
Other respiratory diseases,2020,85+,379.6049867
Abdominal wall defect,2020,0,0.0
Abdominal wall defect,2020,30-34,0.0
Abdominal wall defect,2020,40-44,0.0
Abdominal wall defect,2020,65-69,0.0
Abdominal wall defect,2020,75-79,0.0
Anorectal atresia,2020,20-24,0.0
Anorectal atresia,2020,30-34,0.0
Anorectal atresia,2020,55-59,0.0
Anorectal atresia,2020,65-69,0.0
Cleft lip,2020,10-14,0.0
Cleft lip,2020,20-24,0.0
Cleft lip,2020,45-49,0.0
Cleft lip,2020,55-59,0.0
Cleft palate,2020,1-4,0.0
Cleft palate,2020,10-14,0.0
Cleft palate,2020,35-39,0.0
Cleft palate,2020,45-49,0.0
Cleft palate,2020,80-84,0.0
Oesophageal atresia,2020,1-4,0.0
Oesophageal atresia,2020,25-29,0.0
Oesophageal atresia,2020,35-39,0.0
Oesophageal atresia,2020,45-49,0.0
Oesophageal atresia,2020,70-74,0.0
Oesophageal atresia,2020,80-84,0.0
Renal agenesis,2020,15-19,0.0
Renal agenesis,2020,25-29,0.0
Renal agenesis,2020,35-39,0.0
Renal agenesis,2020,60-64,0.0
Renal agenesis,2020,70-74,0.0
Down syndrome,2020,15-19,0.0374568
Down syndrome,2020,25-29,0.10318817
Down syndrome,2020,50-54,0.0
Down syndrome,2020,60-64,0.08171163
Congenital heart anomalies,2020,5-9,0.35884037
Congenital heart anomalies,2020,15-19,0.37456803
Congenital heart anomalies,2020,40-44,0.4294516
Congenital heart anomalies,2020,50-54,0.11944042
Congenital heart anomalies,2020,85+,0.0
Spina bifida,2020,0,0.0
Spina bifida,2020,5-9,0.03987115
Gastritis and duodenitis,2020,70-74,0.76001702
Gastritis and duodenitis,2020,75-79,1.08902211
Paralytic ileus and intestinal obstruction,2020,10-14,0.0
Paralytic ileus and intestinal obstruction,2020,15-19,0.0
Paralytic ileus and intestinal obstruction,2020,20-24,0.0698554
Paralytic ileus and intestinal obstruction,2020,25-29,0.0
Inflammatory bowel disease,2020,40-44,0.14315053
Inflammatory bowel disease,2020,45-49,0.15832521
Inflammatory bowel disease,2020,50-54,0.11944042
Inflammatory bowel disease,2020,55-59,0.33977501
Gallbladder and biliary diseases,2020,0,0.0
Gallbladder and biliary diseases,2020,1-4,0.0
Gallbladder and biliary diseases,2020,5-9,0.0
Gallbladder and biliary diseases,2020,75-79,5.98962162
Gallbladder and biliary diseases,2020,80-84,12.19719377
Gallbladder and biliary diseases,2020,85+,14.70794229
Pancreatitis,2020,20-24,0.0
Pancreatitis,2020,25-29,0.06879211
Pancreatitis,2020,30-34,0.37547199
Pancreatitis,2020,35-39,0.18371735
Pancreatitis,2020,40-44,0.57260213
Other digestive diseases,2020,55-59,15.83351568
Other digestive diseases,2020,60-64,22.55240984
Gallbladder and biliary diseases,2020,50-54,1.01524358
Pancreatitis,2020,0,0.0
Pancreatitis,2020,65-69,2.80308944
Pancreatitis,2020,70-74,2.73606129
Pancreatitis,2020,75-79,3.81157739
Pancreatitis,2020,80-84,6.53421095
Other digestive diseases,2020,15-19,0.22474082
Other digestive diseases,2020,20-24,0.66362633
Other digestive diseases,2020,25-29,0.61912902
Other digestive diseases,2020,30-34,1.12641596
Nephritis and nephrosis,2020,0,0.3753148
Nephritis and nephrosis,2020,1-4,0.1902745
Nephritis and nephrosis,2020,5-9,0.15948461
Nephritis and nephrosis,2020,10-14,0.44970885
Nephritis and nephrosis,2020,75-79,101.551312
Nephritis and nephrosis,2020,80-84,139.8321143
Nephritis and nephrosis,2020,85+,184.1994677
Benign prostatic hypertrophy,2020,25-29,0.0
Benign prostatic hypertrophy,2020,30-34,0.0
Benign prostatic hypertrophy,2020,35-39,0.0
Benign prostatic hypertrophy,2020,40-44,0.0
Other genitourinary system diseases,2020,60-64,12.33845611
Other genitourinary system diseases,2020,65-69,19.94505945
Other genitourinary system diseases,2020,70-74,31.61670821
Breast cancer,2020,80-84,23.52315942
Cervix uteri cancer,2020,15-19,0.0
Cervix uteri cancer,2020,25-29,0.10318817
Cervix uteri cancer,2020,60-64,4.00386986
Cervix uteri cancer,2020,70-74,5.47212258
Corpus uteri cancer,2020,5-9,0.0
Corpus uteri cancer,2020,15-19,0.0
Corpus uteri cancer,2020,50-54,1.91104675
Corpus uteri cancer,2020,60-64,4.82098616
Ovary cancer,2020,0,0.0
Ovary cancer,2020,5-9,0.0
Ovary cancer,2020,40-44,1.43150533
Ovary cancer,2020,50-54,3.64293286
Ovary cancer,2020,85+,2.80151282
Prostate cancer,2020,0,0.0
Prostate cancer,2020,30-34,0.0
Prostate cancer,2020,40-44,0.0
Prostate cancer,2020,75-79,24.23074201
Prostate cancer,2020,85+,43.42344866
Testicular cancer,2020,20-24,0.1047831
Testicular cancer,2020,30-34,0.06826763
Testicular cancer,2020,65-69,0.0
Testicular cancer,2020,75-79,0.0
Iron-deficiency anaemia,2020,10-14,0.0
Iron-deficiency anaemia,2020,20-24,0.0349277
Other digestive diseases,2020,65-69,30.61836153
Other digestive diseases,2020,70-74,42.25694656
Nephritis and nephrosis,2020,35-39,2.24135169
Nephritis and nephrosis,2020,40-44,5.24885289
Nephritis and nephrosis,2020,45-49,7.75793552
Nephritis and nephrosis,2020,50-54,12.60096448
Benign prostatic hypertrophy,2020,0,0.0
Benign prostatic hypertrophy,2020,1-4,0.0
Benign prostatic hypertrophy,2020,65-69,0.10781113
Benign prostatic hypertrophy,2020,70-74,0.0
Benign prostatic hypertrophy,2020,75-79,1.9057887
Benign prostatic hypertrophy,2020,80-84,1.30684219
Benign prostatic hypertrophy,2020,85+,5.60302563
Other genitourinary system diseases,2020,15-19,0.11237041
Other genitourinary system diseases,2020,20-24,0.1047831
Other genitourinary system diseases,2020,25-29,0.06879211
Other genitourinary system diseases,2020,30-34,0.27307053
Rheumatoid arthritis,2020,30-34,0.0
Rheumatoid arthritis,2020,35-39,0.0
Rheumatoid arthritis,2020,40-44,0.0
Rheumatoid arthritis,2020,45-49,0.0
Osteoarthritis,2020,0,0.0
Osteoarthritis,2020,60-64,0.08171163
Other genitourinary system diseases,2020,75-79,57.44591644
Rheumatoid arthritis,2020,0,0.0
Rheumatoid arthritis,2020,1-4,0.0
Rheumatoid arthritis,2020,5-9,0.0
Rheumatoid arthritis,2020,70-74,0.30400681
Rheumatoid arthritis,2020,75-79,0.27225553
Rheumatoid arthritis,2020,80-84,0.43561406
Rheumatoid arthritis,2020,85+,0.0
Osteoarthritis,2020,20-24,0.0
Osteoarthritis,2020,25-29,0.0
Osteoarthritis,2020,30-34,0.0
Osteoarthritis,2020,35-39,0.0
Gout,2020,50-54,0.05972021
Gout,2020,55-59,0.13591001
Gout,2020,60-64,0.40855815
Gout,2020,65-69,0.64686679
Back pain,2020,1-4,0.0
Back pain,2020,5-9,0.0
Back pain,2020,10-14,0.0
Back pain,2020,15-19,0.0
Back pain,2020,85+,1.40075641
Other musculoskeletal disorders,2020,30-34,0.85334542
Other musculoskeletal disorders,2020,35-39,1.69019963
Other musculoskeletal disorders,2020,40-44,2.38584222
Other musculoskeletal disorders,2020,45-49,3.74703008
Spina bifida,2020,30-34,0.0
Spina bifida,2020,40-44,0.0
Spina bifida,2020,75-79,0.0
Spina bifida,2020,85+,0.0
Other Congenital anomalies,2020,0,83.50754195
Other Congenital anomalies,2020,20-24,0.0
Other Congenital anomalies,2020,30-34,0.06826763
Other Congenital anomalies,2020,65-69,0.0
Other Congenital anomalies,2020,75-79,0.0
Dental caries,2020,1-4,0.0
Dental caries,2020,10-14,0.0
Dental caries,2020,45-49,0.0
Dental caries,2020,55-59,0.0
Periodontal disease,2020,1-4,0.0
Periodontal disease,2020,35-39,0.0
Periodontal disease,2020,45-49,0.0
Periodontal disease,2020,80-84,0.43561406
Edentulism,2020,1-4,0.0
Edentulism,2020,25-29,0.0
Edentulism,2020,35-39,0.0
Edentulism,2020,70-74,0.0
Edentulism,2020,80-84,0.0
Other oral diseases,2020,15-19,0.0
Other oral diseases,2020,25-29,0.03439606
Other oral diseases,2020,60-64,0.16342326
Other musculoskeletal disorders,2020,50-54,6.92754445
Other respiratory diseases,2020,10-14,0.40882623
Other respiratory diseases,2020,15-19,0.93642007
Other respiratory diseases,2020,20-24,1.67652967
Other respiratory diseases,2020,25-29,1.78859496
Other respiratory diseases,2020,30-34,1.67255703
Abdominal wall defect,2020,45-49,0.0
Abdominal wall defect,2020,50-54,0.0
Abdominal wall defect,2020,55-59,0.0
Abdominal wall defect,2020,60-64,0.0
Anorectal atresia,2020,0,0.0
Anorectal atresia,2020,1-4,0.0
Anorectal atresia,2020,5-9,0.0
Anorectal atresia,2020,10-14,0.0
Anorectal atresia,2020,75-79,0.0
Anorectal atresia,2020,80-84,0.0
Anorectal atresia,2020,85+,0.0
Cleft lip,2020,25-29,0.0
Cleft lip,2020,30-34,0.0
Cleft lip,2020,35-39,0.0
Cleft lip,2020,40-44,0.0
Cleft palate,2020,55-59,0.0
Cleft palate,2020,60-64,0.0
Cleft palate,2020,65-69,0.0
Cleft palate,2020,70-74,0.0
Osteoarthritis,2020,65-69,0.0
Osteoarthritis,2020,70-74,0.0
Osteoarthritis,2020,75-79,1.36127764
Gout,2020,10-14,0.0
Gout,2020,15-19,0.0
Gout,2020,20-24,0.0349277
Gout,2020,25-29,0.0
Back pain,2020,40-44,0.04771684
Back pain,2020,45-49,0.0
Back pain,2020,50-54,0.05972021
Back pain,2020,55-59,0.13591001
Other musculoskeletal disorders,2020,0,0.3753148
Other musculoskeletal disorders,2020,1-4,0.0
Other musculoskeletal disorders,2020,5-9,0.03987115
Other musculoskeletal disorders,2020,75-79,13.88503194
Other musculoskeletal disorders,2020,80-84,12.63280784
Other musculoskeletal disorders,2020,85+,23.81285894
Other respiratory diseases,2020,55-59,18.14398578
Other respiratory diseases,2020,60-64,28.27222393
Other respiratory diseases,2020,65-69,43.87913078
Other respiratory diseases,2020,70-74,73.26564115
Abdominal wall defect,2020,5-9,0.0
Abdominal wall defect,2020,10-14,0.0
Abdominal wall defect,2020,15-19,0.0
Abdominal wall defect,2020,20-24,0.0
Cleft palate,2020,75-79,0.0
Oesophageal atresia,2020,5-9,0.0
Oesophageal atresia,2020,10-14,0.0
Oesophageal atresia,2020,15-19,0.0
Oesophageal atresia,2020,20-24,0.0
Renal agenesis,2020,40-44,0.0
Renal agenesis,2020,45-49,0.0
Renal agenesis,2020,50-54,0.0
Renal agenesis,2020,55-59,0.0
Down syndrome,2020,0,0.93828699
Down syndrome,2020,1-4,0.0
Down syndrome,2020,5-9,0.0797423
Down syndrome,2020,70-74,0.0
Down syndrome,2020,75-79,0.0
Down syndrome,2020,80-84,0.0
Down syndrome,2020,85+,0.0
Congenital heart anomalies,2020,20-24,0.13971081
Congenital heart anomalies,2020,25-29,0.34396057
Congenital heart anomalies,2020,30-34,0.27307053
Congenital heart anomalies,2020,35-39,0.55115205
Spina bifida,2020,50-54,0.0
Spina bifida,2020,55-59,0.0
Spina bifida,2020,60-64,0.0
Spina bifida,2020,65-69,0.0
Other Congenital anomalies,2020,1-4,0.85623525
Other oral diseases,2020,70-74,0.1520034
Road traffic accidents,2020,20-24,17.77820002
Road traffic accidents,2020,30-34,11.26415956
Road traffic accidents,2020,65-69,15.52480303
Road traffic accidents,2020,75-79,20.96367567
Poisonings,2020,10-14,0.0
Poisonings,2020,20-24,0.0
Poisonings,2020,55-59,0.067955
Poisonings,2020,65-69,0.53905566
Falls,2020,1-4,0.04756862
Falls,2020,10-14,0.0
Falls,2020,45-49,0.10555014
Falls,2020,55-59,1.08728005
Falls,2020,80-84,12.19719377
Fires,2020,1-4,0.09513725
Fires,2020,35-39,0.07348694
Fires,2020,45-49,0.05277507
Fires,2020,70-74,0.0
Fires,2020,80-84,0.0
Drownings,2020,25-29,0.58473297
Drownings,2020,35-39,0.55115205
Drownings,2020,60-64,0.16342326
Drownings,2020,70-74,0.1520034
Drownings,2020,80-84,0.43561406
Exposure to mechanical forces,2020,15-19,0.0
Exposure to mechanical forces,2020,25-29,0.03439606
Abdominal wall defect,2020,85+,0.0
Anorectal atresia,2020,35-39,0.0
Anorectal atresia,2020,40-44,0.0
Anorectal atresia,2020,45-49,0.0
Anorectal atresia,2020,50-54,0.0
Cleft lip,2020,0,0.0
Cleft lip,2020,1-4,0.0
Cleft lip,2020,65-69,0.0
Cleft lip,2020,70-74,0.0
Cleft lip,2020,75-79,0.0
Cleft lip,2020,80-84,0.0
Cleft lip,2020,85+,0.0
Cleft palate,2020,15-19,0.0
Cleft palate,2020,20-24,0.0
Cleft palate,2020,25-29,0.0
Cleft palate,2020,30-34,0.0
Oesophageal atresia,2020,50-54,0.0
Oesophageal atresia,2020,55-59,0.0
Oesophageal atresia,2020,60-64,0.0
Oesophageal atresia,2020,65-69,0.0
Renal agenesis,2020,0,6.56800892
Renal agenesis,2020,1-4,0.0
Renal agenesis,2020,5-9,0.0
Renal agenesis,2020,10-14,0.0
Renal agenesis,2020,80-84,0.0
Renal agenesis,2020,85+,0.0
Other Congenital anomalies,2020,5-9,0.15948461
Other Congenital anomalies,2020,10-14,0.28617836
Other Congenital anomalies,2020,15-19,0.14982721
Other Congenital anomalies,2020,85+,0.0
Dental caries,2020,0,0.0
Dental caries,2020,65-69,0.0
Dental caries,2020,70-74,0.0
Dental caries,2020,75-79,0.0
Dental caries,2020,80-84,0.0
Periodontal disease,2020,10-14,0.0
Periodontal disease,2020,15-19,0.0
Periodontal disease,2020,20-24,0.0
Periodontal disease,2020,25-29,0.0
Periodontal disease,2020,30-34,0.0
Edentulism,2020,45-49,0.0
Edentulism,2020,50-54,0.0
Edentulism,2020,55-59,0.0
Edentulism,2020,60-64,0.0
Other oral diseases,2020,0,0.0
Other oral diseases,2020,1-4,0.0
Other oral diseases,2020,5-9,0.0
Other oral diseases,2020,10-14,0.0
Other oral diseases,2020,75-79,0.27225553
Other oral diseases,2020,80-84,0.43561406
Other oral diseases,2020,85+,1.40075641
Exposure to mechanical forces,2020,50-54,0.17916063
Exposure to mechanical forces,2020,60-64,0.32684652
Exposure to mechanical forces,2020,70-74,0.1520034
Anencephaly,2020,5-9,0.0
Anencephaly,2020,15-19,0.0
Anencephaly,2020,50-54,0.0
Anencephaly,2020,60-64,0.0
Anencephaly,2020,85+,0.0
Other unintentional injuries,2020,0,0.93828699
Other unintentional injuries,2020,5-9,0.19935576
Other unintentional injuries,2020,40-44,0.95433689
Other unintentional injuries,2020,50-54,1.97076696
Other unintentional injuries,2020,75-79,11.70698771
Other unintentional injuries,2020,85+,53.92912173
Self-inflicted injuries,2020,20-24,0.0698554
Self-inflicted injuries,2020,30-34,0.06826763
Self-inflicted injuries,2020,55-59,0.067955
Self-inflicted injuries,2020,65-69,0.10781113
Violence,2020,10-14,0.0
Violence,2020,20-24,0.0698554
Violence,2020,45-49,0.15832521
Violence,2020,55-59,0.27182001
War,2020,1-4,0.0
War,2020,10-14,0.0
War,2020,35-39,0.0
Road traffic accidents,2020,40-44,9.59108573
Road traffic accidents,2020,45-49,8.70788681
Road traffic accidents,2020,50-54,10.80935816
Road traffic accidents,2020,55-59,11.41644049
Poisonings,2020,0,0.0
Poisonings,2020,1-4,0.04756862
Poisonings,2020,70-74,0.45601021
Poisonings,2020,75-79,0.27225553
Poisonings,2020,80-84,0.43561406
Poisonings,2020,85+,0.7003782
Falls,2020,20-24,0.1047831
Falls,2020,25-29,0.06879211
Falls,2020,30-34,0.03413382
Falls,2020,35-39,0.03674347
Fires,2020,50-54,0.05972021
Fires,2020,55-59,0.13591001
Fires,2020,60-64,0.0
Fires,2020,65-69,0.3234334
Drownings,2020,1-4,1.42705875
Drownings,2020,5-9,1.03664996
Drownings,2020,10-14,0.98118296
Drownings,2020,15-19,1.2360745
Drownings,2020,85+,0.0
Exposure to mechanical forces,2020,30-34,0.06826763
Exposure to mechanical forces,2020,35-39,0.0
Exposure to mechanical forces,2020,40-44,0.09543369
Down syndrome,2020,30-34,0.06826763
Down syndrome,2020,35-39,0.0
Down syndrome,2020,40-44,0.04771684
Down syndrome,2020,45-49,0.0
Congenital heart anomalies,2020,0,45.41309023
Congenital heart anomalies,2020,60-64,0.08171163
Congenital heart anomalies,2020,65-69,0.0
Congenital heart anomalies,2020,70-74,0.30400681
Congenital heart anomalies,2020,75-79,0.0
Spina bifida,2020,10-14,0.0
Spina bifida,2020,15-19,0.0
Spina bifida,2020,20-24,0.0
Spina bifida,2020,25-29,0.0
Other Congenital anomalies,2020,40-44,0.0
Other Congenital anomalies,2020,45-49,0.0
Other Congenital anomalies,2020,50-54,0.17916063
Other Congenital anomalies,2020,55-59,0.067955
Dental caries,2020,20-24,0.0
Dental caries,2020,25-29,0.0
Dental caries,2020,30-34,0.0
Dental caries,2020,35-39,0.0
Dental caries,2020,40-44,0.0
Periodontal disease,2020,55-59,0.0
Periodontal disease,2020,60-64,0.0
Periodontal disease,2020,65-69,0.0
War,2020,45-49,0.0
War,2020,80-84,0.0
Other intentional injuries,2020,1-4,0.0
Other intentional injuries,2020,25-29,0.0
Other intentional injuries,2020,35-39,0.0
Other intentional injuries,2020,70-74,0.0
Other intentional injuries,2020,80-84,0.0
Ill-defined malignant neoplasms,2020,5-9,0.03987115
Ill-defined malignant neoplasms,2020,15-19,0.63676565
Ill-defined malignant neoplasms,2020,25-29,0.34396057
Ill-defined malignant neoplasms,2020,50-54,2.7471297
Ill-defined malignant neoplasms,2020,60-64,6.37350713
Other malignant neoplasms,2020,0,0.0
Other malignant neoplasms,2020,5-9,0.39871152
Other malignant neoplasms,2020,15-19,0.74913606
Other malignant neoplasms,2020,40-44,1.47922218
Other malignant neoplasms,2020,50-54,2.7471297
Other malignant neoplasms,2020,85+,9.80529486
Ill-defined circulatory diseases,2020,0,2.43954617
Ill-defined circulatory diseases,2020,20-24,0.80333713
Ill-defined circulatory diseases,2020,30-34,2.28696573
Ill-defined circulatory diseases,2020,65-69,47.43689814
Ill-defined circulatory diseases,2020,75-79,109.7189778
Exposure to mechanical forces,2020,45-49,0.15832521
Anencephaly,2020,0,7.31863851
Anencephaly,2020,65-69,0.0
Anencephaly,2020,70-74,0.0
Anencephaly,2020,75-79,0.0
Anencephaly,2020,80-84,0.0
Other unintentional injuries,2020,10-14,0.36794361
Other unintentional injuries,2020,15-19,0.44948164
Other unintentional injuries,2020,20-24,0.73348173
Other unintentional injuries,2020,25-29,0.82550536
Other unintentional injuries,2020,30-34,0.88747924
Self-inflicted injuries,2020,0,0.0
Self-inflicted injuries,2020,1-4,0.0
Self-inflicted injuries,2020,5-9,0.0
Self-inflicted injuries,2020,10-14,0.0
Self-inflicted injuries,2020,75-79,0.0
Self-inflicted injuries,2020,80-84,0.0
Self-inflicted injuries,2020,85+,0.0
Violence,2020,25-29,0.20637634
Violence,2020,30-34,0.10240145
Violence,2020,35-39,0.29394776
Violence,2020,40-44,0.33401791
War,2020,55-59,0.0
War,2020,60-64,0.0
War,2020,65-69,0.0
Periodontal disease,2020,70-74,0.0
Edentulism,2020,5-9,0.0
Edentulism,2020,10-14,0.0
Edentulism,2020,15-19,0.0
Edentulism,2020,20-24,0.0
Edentulism,2020,85+,0.0
Other oral diseases,2020,35-39,0.07348694
Other oral diseases,2020,40-44,0.0
Other oral diseases,2020,45-49,0.05277507
Other oral diseases,2020,50-54,0.17916063
Road traffic accidents,2020,0,1.50125918
Road traffic accidents,2020,1-4,1.3319215
Road traffic accidents,2020,5-9,1.03664996
Road traffic accidents,2020,10-14,1.71707017
Road traffic accidents,2020,80-84,23.08754536
Road traffic accidents,2020,85+,10.50567306
Poisonings,2020,30-34,0.0
Poisonings,2020,35-39,0.03674347
Poisonings,2020,40-44,0.09543369
Poisonings,2020,45-49,0.10555014
Falls,2020,0,0.1876574
Falls,2020,60-64,1.38909771
Falls,2020,65-69,2.47965604
Falls,2020,70-74,3.80008512
Falls,2020,75-79,7.07864373
Fires,2020,10-14,0.04088262
War,2020,70-74,0.0
War,2020,75-79,0.0
Other intentional injuries,2020,5-9,0.0
Other intentional injuries,2020,10-14,0.0
Other intentional injuries,2020,15-19,0.0
Other intentional injuries,2020,20-24,0.0
Ill-defined malignant neoplasms,2020,0,0.0
Ill-defined malignant neoplasms,2020,1-4,0.09513725
Ill-defined malignant neoplasms,2020,70-74,11.09624856
Ill-defined malignant neoplasms,2020,75-79,15.24630958
Ill-defined malignant neoplasms,2020,80-84,20.47386098
Ill-defined malignant neoplasms,2020,85+,16.1086987
Other malignant neoplasms,2020,20-24,0.80333713
Other malignant neoplasms,2020,25-29,0.75671325
Other malignant neoplasms,2020,30-34,0.8192116
Other malignant neoplasms,2020,35-39,0.624639
Ill-defined circulatory diseases,2020,1-4,0.33298037
Ill-defined circulatory diseases,2020,5-9,0.19935576
Ill-defined circulatory diseases,2020,10-14,0.44970885
Ill-defined circulatory diseases,2020,15-19,0.41202483
Ill-defined circulatory diseases,2020,85+,264.7429612
Other circulatory diseases,2020,30-34,1.53602176
Other circulatory diseases,2020,35-39,3.15993845
Fires,2020,15-19,0.0
Fires,2020,20-24,0.0349277
Fires,2020,25-29,0.03439606
Drownings,2020,40-44,0.66803582
Drownings,2020,45-49,0.63330086
Drownings,2020,50-54,0.59720211
Drownings,2020,55-59,0.47568502
Exposure to mechanical forces,2020,0,0.0
Exposure to mechanical forces,2020,1-4,0.0
Exposure to mechanical forces,2020,5-9,0.0
Exposure to mechanical forces,2020,75-79,0.0
Exposure to mechanical forces,2020,80-84,0.43561406
Exposure to mechanical forces,2020,85+,0.7003782
Anencephaly,2020,20-24,0.0
Anencephaly,2020,25-29,0.0
Anencephaly,2020,30-34,0.0
Anencephaly,2020,35-39,0.0
Anencephaly,2020,40-44,0.0
Other unintentional injuries,2020,55-59,3.12593013
Other unintentional injuries,2020,60-64,4.24900475
Other unintentional injuries,2020,65-69,6.57647906
Other unintentional injuries,2020,70-74,8.96820089
Self-inflicted injuries,2020,35-39,0.14697388
Self-inflicted injuries,2020,40-44,0.0
Self-inflicted injuries,2020,45-49,0.15832521
Iron-deficiency anaemia,2020,55-59,0.61159503
Iron-deficiency anaemia,2020,65-69,1.18592245
Other nutritional disorders,2020,1-4,0.0
Other nutritional disorders,2020,10-14,0.0
Other nutritional disorders,2020,45-49,0.0
Other nutritional disorders,2020,55-59,0.13591001
Brain and nervous system cancers,2020,1-4,0.23784312
Brain and nervous system cancers,2020,35-39,0.9920737
Brain and nervous system cancers,2020,45-49,1.16105158
Brain and nervous system cancers,2020,80-84,4.7917547
Gallbladder and biliary tract cancer,2020,25-29,0.0
Gallbladder and biliary tract cancer,2020,35-39,0.03674347
Gallbladder and biliary tract cancer,2020,70-74,3.1920715
Gallbladder and biliary tract cancer,2020,80-84,4.7917547
Larynx cancer,2020,15-19,0.0
Larynx cancer,2020,25-29,0.0
Larynx cancer,2020,60-64,0.98053956
Larynx cancer,2020,70-74,1.36803064
Thyroid cancer,2020,5-9,0.0
Thyroid cancer,2020,15-19,0.0
Thyroid cancer,2020,50-54,0.71664253
Thyroid cancer,2020,60-64,1.96107912
Thyroid cancer,2020,85+,5.60302563
Mesothelioma,2020,0,0.0
Self-inflicted injuries,2020,50-54,0.23888084
Violence,2020,0,0.1876574
Violence,2020,1-4,0.04756862
Violence,2020,65-69,0.21562226
Violence,2020,70-74,0.30400681
Violence,2020,75-79,0.0
Violence,2020,80-84,0.0
Violence,2020,85+,0.0
War,2020,15-19,0.0
War,2020,20-24,0.0
War,2020,25-29,0.0
War,2020,30-34,0.0
Other intentional injuries,2020,45-49,0.0
Other intentional injuries,2020,50-54,0.0
Other intentional injuries,2020,55-59,0.0
Other intentional injuries,2020,60-64,0.0
Other intentional injuries,2020,65-69,0.0
Ill-defined malignant neoplasms,2020,30-34,0.4096058
Ill-defined malignant neoplasms,2020,35-39,0.91858676
Ill-defined malignant neoplasms,2020,40-44,1.04977058
Ill-defined malignant neoplasms,2020,45-49,2.74430372
Other malignant neoplasms,2020,60-64,5.71981409
Other malignant neoplasms,2020,65-69,7.76240151
Other malignant neoplasms,2020,70-74,8.96820089
Other malignant neoplasms,2020,75-79,11.16247665
Mesothelioma,2020,5-9,0.0
Mesothelioma,2020,40-44,0.04771684
Mesothelioma,2020,50-54,0.0
Mesothelioma,2020,75-79,0.54451106
Mesothelioma,2020,85+,0.0
"Lymphomas, multiple myeloma",2020,0,0.0
"Lymphomas, multiple myeloma",2020,30-34,0.54614107
"Lymphomas, multiple myeloma",2020,40-44,1.04977058
"Lymphomas, multiple myeloma",2020,65-69,12.18265793
"Lymphomas, multiple myeloma",2020,75-79,16.06307616
Leukaemia,2020,1-4,1.04650975
Leukaemia,2020,35-39,0.91858676
Leukaemia,2020,45-49,1.63602722
Leukaemia,2020,70-74,11.09624856
Leukaemia,2020,80-84,14.37526409
Diabetes mellitus,2020,15-19,0.11237041
Diabetes mellitus,2020,25-29,0.4815448
Diabetes mellitus,2020,50-54,7.82334762
Diabetes mellitus,2020,60-64,23.20610288
Endocrine disorders,2020,5-9,0.39871152
Endocrine disorders,2020,15-19,1.04879048
Endocrine disorders,2020,40-44,3.38789595
Endocrine disorders,2020,50-54,7.1664253
Endocrine disorders,2020,85+,113.4612691
Unipolar depressive disorders,2020,0,0.0
Unipolar depressive disorders,2020,20-24,0.0
Unipolar depressive disorders,2020,30-34,0.0
Unipolar depressive disorders,2020,65-69,0.10781113
Unipolar depressive disorders,2020,75-79,0.0
Bipolar disorder,2020,10-14,0.0
Bipolar disorder,2020,20-24,0.0
Bipolar disorder,2020,30-34,0.0
Bipolar disorder,2020,55-59,0.0
Bipolar disorder,2020,65-69,0.0
Schizophrenia,2020,1-4,0.0
Schizophrenia,2020,10-14,0.0
Schizophrenia,2020,20-24,0.0
Schizophrenia,2020,45-49,0.0
Schizophrenia,2020,55-59,0.0
Epilepsy,2020,1-4,0.33298037
Epilepsy,2020,10-14,0.28617836
Epilepsy,2020,35-39,0.69812594
Epilepsy,2020,45-49,0.79162607
Epilepsy,2020,80-84,1.30684219
Alcohol use disorders,2020,1-4,0.0
Alcohol use disorders,2020,25-29,0.0
Alcohol use disorders,2020,35-39,0.03674347
Alcohol use disorders,2020,70-74,0.30400681
Alcohol use disorders,2020,80-84,0.0
Alzheimer and other dementias,2020,15-19,0.0374568
Alzheimer and other dementias,2020,25-29,0.0
Alzheimer and other dementias,2020,60-64,0.32684652
Alzheimer and other dementias,2020,70-74,1.36803064
Parkinson disease,2020,5-9,0.0
Parkinson disease,2020,15-19,0.0
Parkinson disease,2020,50-54,0.05972021
Parkinson disease,2020,60-64,0.24513489
Kidney cancer,2020,0,0.0
Kidney cancer,2020,5-9,0.03987115
Kidney cancer,2020,40-44,0.38173476
Kidney cancer,2020,50-54,1.43328506
Kidney cancer,2020,85+,7.70416025
Bladder cancer,2020,0,0.0
Bladder cancer,2020,30-34,0.06826763
Bladder cancer,2020,40-44,0.09543369
Bladder cancer,2020,75-79,7.07864373
Bladder cancer,2020,85+,9.80529486
Post-traumatic stress disorder,2020,20-24,0.0
Post-traumatic stress disorder,2020,30-34,0.0
Post-traumatic stress disorder,2020,65-69,0.10781113
Post-traumatic stress disorder,2020,75-79,0.0
Obsessive-compulsive disorder,2020,10-14,0.0
Obsessive-compulsive disorder,2020,20-24,0.0
Obsessive-compulsive disorder,2020,55-59,0.0
Other circulatory diseases,2020,40-44,4.53310022
Other circulatory diseases,2020,45-49,5.22473209
COVID-19,2020,10-14,0.0
COVID-19,2020,15-19,0.0374568
COVID-19,2020,20-24,0.0349277
COVID-19,2020,25-29,0.13758423
COVID-19,2020,30-34,0.30720435
Natural disasters,2020,45-49,0.05277507
Natural disasters,2020,50-54,0.11944042
Natural disasters,2020,55-59,0.067955
Natural disasters,2020,60-64,0.0
Other circulatory diseases,2020,10-14,0.16353049
Other circulatory diseases,2020,20-24,1.15261415
Other circulatory diseases,2020,55-59,10.12529543
Other circulatory diseases,2020,65-69,22.10128209
COVID-19,2020,1-4,0.0
COVID-19,2020,35-39,0.33069123
COVID-19,2020,45-49,1.00272636
COVID-19,2020,80-84,12.19719377
Natural disasters,2020,25-29,0.03439606
Natural disasters,2020,35-39,0.07348694
Natural disasters,2020,70-74,0.0
Natural disasters,2020,80-84,0.0
Obsessive-compulsive disorder,2020,65-69,0.0
Panic disorder,2020,1-4,0.0
Panic disorder,2020,10-14,0.0
Panic disorder,2020,45-49,0.0
Panic disorder,2020,55-59,0.0
Panic disorder,2020,80-84,0.0
Insomnia (primary),2020,1-4,0.0
Insomnia (primary),2020,35-39,0.0
Insomnia (primary),2020,45-49,0.0
Insomnia (primary),2020,80-84,0.0
Migraine,2020,25-29,0.0
Migraine,2020,35-39,0.0
Migraine,2020,70-74,0.0
Migraine,2020,80-84,0.0
Mental Retardation,2020,15-19,0.0
Mental Retardation,2020,25-29,0.0
Mental Retardation,2020,60-64,0.0
Mental Retardation,2020,70-74,0.0
Other neuropsychiatric disorders,2020,5-9,0.71768074
Other neuropsychiatric disorders,2020,15-19,1.34844491
Other neuropsychiatric disorders,2020,50-54,3.16517117
Other neuropsychiatric disorders,2020,60-64,6.12837224
Other neuropsychiatric disorders,2020,85+,11.20605127
Glaucoma,2020,0,0.0
Glaucoma,2020,30-34,0.0
Ill-defined circulatory diseases,2020,40-44,7.68241195
Ill-defined circulatory diseases,2020,45-49,12.03271632
Ill-defined circulatory diseases,2020,50-54,17.1397005
Ill-defined circulatory diseases,2020,55-59,26.57040614
Other circulatory diseases,2020,0,3.19017576
Other circulatory diseases,2020,1-4,0.380549
Other circulatory diseases,2020,5-9,0.03987115
Other circulatory diseases,2020,75-79,47.64471743
Other circulatory diseases,2020,80-84,49.66000322
Other circulatory diseases,2020,85+,72.13895504
COVID-19,2020,55-59,2.85411012
COVID-19,2020,60-64,5.14783268
COVID-19,2020,65-69,6.0374234
COVID-19,2020,70-74,7.90417705
Natural disasters,2020,1-4,0.0
Natural disasters,2020,5-9,0.0
Natural disasters,2020,10-14,0.0
Natural disasters,2020,15-19,0.0374568
Natural disasters,2020,20-24,0.0
Natural disasters,2020,85+,0.0
Glaucoma,2020,40-44,0.0
Glaucoma,2020,65-69,0.0
Glaucoma,2020,75-79,0.0
Cataracts,2020,20-24,0.0
Cataracts,2020,30-34,0.0
Cataracts,2020,55-59,0.0
Cataracts,2020,65-69,0.0
"Vision disorders, age-related",2020,10-14,0.0
"Vision disorders, age-related",2020,20-24,0.0
"Vision disorders, age-related",2020,45-49,0.0
"Vision disorders, age-related",2020,55-59,0.0
"Vision disorders, age-related",2020,65-69,0.0
"Hearing loss, adult onset ",2020,1-4,0.0
"Hearing loss, adult onset ",2020,10-14,0.0
"Hearing loss, adult onset ",2020,35-39,0.0
"Hearing loss, adult onset ",2020,45-49,0.0
"Hearing loss, adult onset ",2020,55-59,0.0
"Hearing loss, adult onset ",2020,80-84,0.0
Other sense organ disorders,2020,1-4,0.0
Other sense organ disorders,2020,25-29,0.0
Other sense organ disorders,2020,35-39,0.0
Other sense organ disorders,2020,45-49,0.0
Other sense organ disorders,2020,70-74,0.1520034
Other sense organ disorders,2020,80-84,0.43561406
Rheumatic heart disease,2020,15-19,0.0374568
Rheumatic heart disease,2020,25-29,0.17198028
Rheumatic heart disease,2020,50-54,0.5374819
Rheumatic heart disease,2020,60-64,0.57198141
Hypertensive heart disease,2020,5-9,0.0
Hypertensive heart disease,2020,15-19,0.0
Hypertensive heart disease,2020,40-44,0.66803582
Hypertensive heart disease,2020,50-54,2.2096478
Hypertensive heart disease,2020,85+,77.74198067
Ischaemic heart disease,2020,0,0.56297219
Ischaemic heart disease,2020,5-9,0.03987115
Ischaemic heart disease,2020,30-34,8.02144696
Ischaemic heart disease,2020,40-44,37.50543972
Ischaemic heart disease,2020,75-79,493.8715281
Ischaemic heart disease,2020,85+,1066.676005
Cerebrovascular disease,2020,0,2.62720357
Cerebrovascular disease,2020,20-24,1.11768644
Cerebrovascular disease,2020,30-34,3.61818459
Cerebrovascular disease,2020,65-69,117.4063229
Cerebrovascular disease,2020,75-79,309.5545355
Inflammatory heart diseases,2020,10-14,0.28617836
Inflammatory heart diseases,2020,20-24,0.83826483
Inflammatory heart diseases,2020,55-59,4.89276021
Inflammatory heart diseases,2020,65-69,5.60617887
Chronic obstructive pulmonary disease,2020,1-4,0.14270587
Chronic obstructive pulmonary disease,2020,10-14,0.0
Chronic obstructive pulmonary disease,2020,35-39,0.51440858
Chronic obstructive pulmonary disease,2020,45-49,1.31937679
Chronic obstructive pulmonary disease,2020,80-84,118.4870252
Asthma,2020,1-4,0.09513725
Asthma,2020,25-29,0.51594085
Asthma,2020,35-39,1.13904758
Asthma,2020,70-74,8.66419408
Asthma,2020,80-84,26.1368438
Multiple sclerosis,2020,15-19,0.0
Multiple sclerosis,2020,25-29,0.0
Multiple sclerosis,2020,60-64,0.16342326
Multiple sclerosis,2020,70-74,0.0
Drug use disorders,2020,5-9,0.0
Drug use disorders,2020,15-19,0.0
Drug use disorders,2020,50-54,0.0
Drug use disorders,2020,60-64,0.16342326
Peptic ulcer disease,2020,0,0.0
Peptic ulcer disease,2020,30-34,0.17066908
Peptic ulcer disease,2020,40-44,0.28630107
Peptic ulcer disease,2020,75-79,11.70698771
Peptic ulcer disease,2020,85+,25.21361535
Cirrhosis of the liver,2020,20-24,0.0
Cirrhosis of the liver,2020,30-34,0.44373962
Cirrhosis of the liver,2020,65-69,9.27175736
Cirrhosis of the liver,2020,75-79,5.98962162
Appendicitis,2020,10-14,0.16353049
Appendicitis,2020,20-24,0.0349277
Appendicitis,2020,55-59,0.27182001
Appendicitis,2020,65-69,0.21562226
Gastritis and duodenitis,2020,1-4,0.0
Gastritis and duodenitis,2020,10-14,0.0
Gastritis and duodenitis,2020,45-49,0.0
Gastritis and duodenitis,2020,55-59,0.067955
Gastritis and duodenitis,2020,80-84,0.43561406
Paralytic ileus and intestinal obstruction,2020,1-4,0.04756862
Paralytic ileus and intestinal obstruction,2020,35-39,0.03674347
Paralytic ileus and intestinal obstruction,2020,45-49,0.21110029
Paralytic ileus and intestinal obstruction,2020,70-74,2.12804767
Paralytic ileus and intestinal obstruction,2020,80-84,8.71228127
Inflammatory bowel disease,2020,25-29,0.06879211
Inflammatory bowel disease,2020,35-39,0.14697388
Inflammatory bowel disease,2020,60-64,0.73540467
Inflammatory bowel disease,2020,70-74,1.67203745
Inflammatory bowel disease,2020,80-84,3.04929844
Gallbladder and biliary diseases,2020,15-19,0.0
Gallbladder and biliary diseases,2020,25-29,0.10318817
Gallbladder and biliary diseases,2020,60-64,2.77819542
Gallbladder and biliary diseases,2020,70-74,6.384143
Pancreatitis,2020,5-9,0.0797423
Pancreatitis,2020,15-19,0.0
Pancreatitis,2020,50-54,0.65692232
Pancreatitis,2020,60-64,1.79765586
Pancreatitis,2020,85+,4.20226923
Other digestive diseases,2020,0,5.06674974
Other digestive diseases,2020,5-9,0.27909807
Other digestive diseases,2020,40-44,4.7239676
Other digestive diseases,2020,50-54,12.42180385
Other digestive diseases,2020,75-79,59.89621619
Other digestive diseases,2020,85+,112.7608909
Nephritis and nephrosis,2020,20-24,0.66362633
Nephritis and nephrosis,2020,30-34,1.46775412
Nephritis and nephrosis,2020,55-59,22.01742095
Nephritis and nephrosis,2020,65-69,44.95724211
Benign prostatic hypertrophy,2020,10-14,0.0
Benign prostatic hypertrophy,2020,20-24,0.0
Benign prostatic hypertrophy,2020,45-49,0.05277507
Benign prostatic hypertrophy,2020,55-59,0.0
Other genitourinary system diseases,2020,1-4,0.04756862
Other genitourinary system diseases,2020,10-14,0.0
Other genitourinary system diseases,2020,35-39,0.624639
Other genitourinary system diseases,2020,45-49,1.68880229
Other genitourinary system diseases,2020,55-59,6.45572528
Other genitourinary system diseases,2020,80-84,104.5473752
Rheumatoid arthritis,2020,15-19,0.0
Rheumatoid arthritis,2020,25-29,0.0
Rheumatoid arthritis,2020,50-54,0.0
Rheumatoid arthritis,2020,60-64,0.0
Osteoarthritis,2020,5-9,0.0
Osteoarthritis,2020,15-19,0.0
Osteoarthritis,2020,40-44,0.0
Osteoarthritis,2020,50-54,0.0
Osteoarthritis,2020,85+,4.20226923
Gout,2020,0,0.0
Gout,2020,5-9,0.0
Gout,2020,30-34,0.0
Gout,2020,40-44,0.09543369
Gout,2020,75-79,1.63353317
Gout,2020,85+,6.30340384
Back pain,2020,0,0.0
Back pain,2020,20-24,0.0
Back pain,2020,30-34,0.0
Back pain,2020,65-69,0.10781113
Back pain,2020,75-79,1.08902211
Other musculoskeletal disorders,2020,10-14,0.08176525
Other musculoskeletal disorders,2020,20-24,0.55884322
Other musculoskeletal disorders,2020,55-59,9.51370041
Other musculoskeletal disorders,2020,65-69,10.56549095
Other respiratory diseases,2020,1-4,0.61839212
Other respiratory diseases,2020,35-39,3.19668192
Other respiratory diseases,2020,45-49,8.07458595
Other respiratory diseases,2020,80-84,253.0917708
Abdominal wall defect,2020,1-4,0.0
Abdominal wall defect,2020,25-29,0.0
Abdominal wall defect,2020,35-39,0.0
Abdominal wall defect,2020,70-74,0.0
Abdominal wall defect,2020,80-84,0.0
Anorectal atresia,2020,15-19,0.0
Anorectal atresia,2020,25-29,0.0
Anorectal atresia,2020,60-64,0.0
Anorectal atresia,2020,70-74,0.0
Cleft lip,2020,5-9,0.0
Cleft lip,2020,15-19,0.0
Cleft lip,2020,50-54,0.0
Cleft lip,2020,60-64,0.0
Cleft palate,2020,0,0.0
Cleft palate,2020,5-9,0.0
Cleft palate,2020,40-44,0.0
Cleft palate,2020,50-54,0.0
Cleft palate,2020,85+,0.0
Oesophageal atresia,2020,0,0.0
Oesophageal atresia,2020,30-34,0.0
Oesophageal atresia,2020,40-44,0.0
Oesophageal atresia,2020,75-79,0.0
Oesophageal atresia,2020,85+,0.0
Renal agenesis,2020,20-24,0.0
Renal agenesis,2020,30-34,0.0
Renal agenesis,2020,65-69,0.0
Renal agenesis,2020,75-79,0.0
Down syndrome,2020,10-14,0.04088262
Down syndrome,2020,20-24,0.0349277
Down syndrome,2020,55-59,0.0
Down syndrome,2020,65-69,0.0
Congenital heart anomalies,2020,1-4,1.37949012
Congenital heart anomalies,2020,10-14,0.36794361
Congenital heart anomalies,2020,45-49,0.42220057
Congenital heart anomalies,2020,55-59,0.067955
Congenital heart anomalies,2020,80-84,0.43561406
Spina bifida,2020,1-4,0.09513725
Spina bifida,2020,35-39,0.0
Spina bifida,2020,45-49,0.0
Spina bifida,2020,70-74,0.0
Spina bifida,2020,80-84,0.0
Other Congenital anomalies,2020,25-29,0.03439606
Other Congenital anomalies,2020,35-39,0.03674347
Other Congenital anomalies,2020,60-64,0.0
Other Congenital anomalies,2020,70-74,0.1520034
Other Congenital anomalies,2020,80-84,0.0
Dental caries,2020,5-9,0.0
Dental caries,2020,15-19,0.0
Dental caries,2020,50-54,0.0
Dental caries,2020,60-64,0.0
Dental caries,2020,85+,0.0
Periodontal disease,2020,0,0.0
Periodontal disease,2020,5-9,0.0
Periodontal disease,2020,40-44,0.0
Periodontal disease,2020,50-54,0.05972021
Periodontal disease,2020,75-79,0.0
Periodontal disease,2020,85+,0.0
Edentulism,2020,0,0.0
Edentulism,2020,30-34,0.0
Edentulism,2020,40-44,0.0
Edentulism,2020,65-69,0.0
Edentulism,2020,75-79,0.0
Other oral diseases,2020,20-24,0.0
Other oral diseases,2020,30-34,0.0
Other oral diseases,2020,55-59,0.20386501
Other oral diseases,2020,65-69,0.21562226
Road traffic accidents,2020,15-19,12.21091776
Road traffic accidents,2020,25-29,12.27939229
Road traffic accidents,2020,35-39,9.55330228
Road traffic accidents,2020,60-64,12.42016774
Road traffic accidents,2020,70-74,16.26436432
Poisonings,2020,5-9,0.0
Poisonings,2020,15-19,0.0
Poisonings,2020,25-29,0.03439606
Poisonings,2020,50-54,0.05972021
Poisonings,2020,60-64,0.08171163
Falls,2020,5-9,0.03987115
Falls,2020,15-19,0.0374568
Falls,2020,40-44,0.19086738
Falls,2020,50-54,0.41804148
Falls,2020,85+,33.6181538
Fires,2020,0,0.0
Fires,2020,5-9,0.0
Fires,2020,30-34,0.03413382
Fires,2020,40-44,0.0
Fires,2020,75-79,0.0
Fires,2020,85+,0.0
Drownings,2020,0,0.3753148
Drownings,2020,20-24,1.01290334
Drownings,2020,30-34,0.64854252
Drownings,2020,65-69,0.0
Drownings,2020,75-79,0.0
Exposure to mechanical forces,2020,10-14,0.0
Exposure to mechanical forces,2020,20-24,0.0349277
Exposure to mechanical forces,2020,55-59,0.20386501
Exposure to mechanical forces,2020,65-69,0.10781113
Anencephaly,2020,1-4,0.0
Anencephaly,2020,10-14,0.0
Anencephaly,2020,45-49,0.0
Anencephaly,2020,55-59,0.0
Other unintentional injuries,2020,1-4,0.33298037
Other unintentional injuries,2020,35-39,0.91858676
Other unintentional injuries,2020,45-49,1.58325215
Other unintentional injuries,2020,80-84,23.95877349
Self-inflicted injuries,2020,15-19,0.0374568
Self-inflicted injuries,2020,25-29,0.13758423
Self-inflicted injuries,2020,60-64,0.0
Self-inflicted injuries,2020,70-74,0.30400681
Violence,2020,5-9,0.03987115
Violence,2020,15-19,0.0374568
Violence,2020,50-54,0.17916063
Violence,2020,60-64,0.08171163
War,2020,0,0.0
War,2020,5-9,0.0
War,2020,40-44,0.0
War,2020,50-54,0.0
War,2020,85+,0.0
Other intentional injuries,2020,0,0.0
Other intentional injuries,2020,30-34,0.0
Other intentional injuries,2020,40-44,0.0
Other intentional injuries,2020,75-79,0.0
Other intentional injuries,2020,85+,0.0
Ill-defined malignant neoplasms,2020,10-14,0.24529574
Ill-defined malignant neoplasms,2020,20-24,0.45406012
Ill-defined malignant neoplasms,2020,55-59,4.89276021
Ill-defined malignant neoplasms,2020,65-69,10.13424642
Other malignant neoplasms,2020,1-4,0.52325487
Other malignant neoplasms,2020,10-14,0.24529574
Other malignant neoplasms,2020,45-49,1.95267765
Other malignant neoplasms,2020,55-59,5.30049023
Other malignant neoplasms,2020,80-84,16.11772034
Ill-defined circulatory diseases,2020,25-29,1.58221861
Ill-defined circulatory diseases,2020,35-39,4.00503826
Ill-defined circulatory diseases,2020,60-64,34.40059617
Ill-defined circulatory diseases,2020,70-74,61.10536876
Ill-defined circulatory diseases,2020,80-84,155.5142206
Other circulatory diseases,2020,15-19,0.37456803
Other circulatory diseases,2020,25-29,1.44463439
Other circulatory diseases,2020,50-54,7.88306783
Other circulatory diseases,2020,60-64,15.36178641
Other circulatory diseases,2020,70-74,31.76871162
COVID-19,2020,0,0.0
COVID-19,2020,5-9,0.03987115
COVID-19,2020,40-44,0.62031898
COVID-19,2020,50-54,1.85132654
COVID-19,2020,75-79,11.70698771
COVID-19,2020,85+,15.40832049
Natural disasters,2020,0,0.0
Natural disasters,2020,30-34,0.06826763
Natural disasters,2020,40-44,0.04771684
Natural disasters,2020,65-69,0.10781113
Natural disasters,2020,75-79,0.0
